679,Dawson Street 2 Bedroom In The Heart Of Dublin,Dawson Street 2 Bedroom in the Heart of Dublin. Book with full confidence in our experienced team and professional management service in Dublin.
680,Dawson Street 2 Bedroom Apartment In Dublin,Dawson Street 2 Bedroom Apartment in Dublin. Book with full confidence in our experienced team and professional management service in Dublin.
681,Dawson Street 2 Bedroom Apartment In City Centre,Dawson Street 2 Bedroom Apartment In City Centre. Book with full confidence in our experienced team and professional management service in Dublin.
631,Close To St Stephens Green 2 Bedroom With Balcony,Close To St Stephens Green 2 Bedroom With Balcony. Book with full confidence in our experienced team and professional management service in Dublin.
682,2 Bedroom With Balcony Near To Saint Stephens Green,2 Bedroom with Balcony Near To Saint Stephens Green. Book with full confidence in our experienced team and professional management service in Dublin.
683,Close To St Stephens Green 1 Bedroom With Balcony,Close To St Stephens Green 1 Bedroom With Balcony. Book with full confidence in our experienced team and professional management service in Dublin.
685,Grafton Street 1 Bedroom Penthouse With Private Terrace,Grafton Street 1 Bedroom Penthouse with Private Terrace. Book with full confidence in our experienced team and professional management service in Dublin.
686,Montague Street 1 Bedroom With Private Terrace,Montague Street 1 Bedroom with Private Terrace. Book with full confidence in our experienced team and professional management service in Dublin.
687,Montague Street 1 Bedroom Apartment With Terrace,Montague Street 1 Bedroom Apartment with Terrace. Book with full confidence in our experienced team and professional management service in Dublin.
688,Montague Street 1 Bedroom With A Large Private Terrace,Montague Street 1 Bedroom with a Large Private Terrace. Book with full confidence in our experienced team and professional management service in Dublin.
689,A Large Terrace Overlooking Montague Street 2 Bedroom,A Large Terrace Overlooking Montague Street 2 Bedroom. Book with full confidence in our experienced team and professional management service in Dublin.
630,Baggot Court 2 Bedroom Apartment With Balcony,A Large Terrace Overlooking Montague Street 2 Bedroom. Book with full confidence in our experienced team and professional management service in Dublin.
697,2 Bedroom Apartment With Balcony In Dublin For Rent,Baggot Court 2 Bedroom Apartment with Balcony. Book with full confidence in our experienced team and professional management service in Dublin.
698,Baggot Street 2 Bedroom With Baclony In Dublin,Baggot Street 2 Bedroom with Baclony in Dublin. Book with full confidence in our experienced team and professional management service in Dublin.
703,Merrion Square 1 Bedroom Apartment In Dublin,Merrion Square 1 Bedroom Apartment in Dublin. Book with full confidence in our experienced team and professional management service in Dublin.
704,2 Bedroom Townhouse With Garden In Portobello,2 Bedroom Townhouse with Garden in Portobello. Book with full confidence in our experienced team and professional management service in Dublin.
706,1 Bedroom Apartment With Canalside Views,2 Bedroom Apartment with Balcony in Grand Canal Dock. Book with full confidence in our experienced team and professional management service in Dublin.
708,2 Bedroom Apartment With Balcony In Grand Canal Dock,2 Bedroom Apartment with Balcony in Grand Canal Dock. Book with full confidence in our experienced team and professional management service in Dublin.
709,Grand Canal Dock 2 Bedroom Overlook Internal Courtyard,Grand Canal Dock 2 Bedroom Overlook Internal Courtyard. Book with full confidence in our experienced team and professional management service in Dublin.
711,Waterfront 2 Bedroom With Balcony In Grand Canal Dock,Waterfront 2 Bedroom with Balcony in Grand Canal Dock. Book with full confidence in our experienced team and professional management service in Dublin.
712,Grand Canal Docks 2 Bedroom Is Surrounded By A Peaceful Internal Courtyard,Grand Canal Docks 2 Bedroom Is Surrounded By A Peaceful Internal Courtyard. Book with full confidence in our experienced team and professional management service in Dublin.
713,Surreounded By A Peacful Courtyward 2 Bedroom In Dublin,Surreounded By a Peacful Courtyward 2 Bedroom in Dublin. Book with full confidence in our experienced team and professional management service in Dublin.
714,Grand Canal Square 2 Bedroom With Private Garden,Grand Canal Square 2 Bedroom with Private Garden. Book with full confidence in our experienced team and professional management service in Dublin.
634,Grand Canal Square Luxury 2 Bedroom With Balcony,Grand Canal Square Luxury 2 Bedroom with Balcony. Book with full confidence in our experienced team and professional management service in Dublin.
716,2 Bedroom Apartment In Grand Canal With Water Views,2 Bedroom Apartment in Grand Canal with Water Views. Book with full confidence in our experienced team and professional management service in Dublin.
717,Balcony Looking Towards Grand Canal Square 2 Bedroom,Balcony Looking Towards Grand Canal Square 2 Bedroom. Book with full confidence in our experienced team and professional management service in Dublin.
718,Panoramic Views Of Grand Canal 2 Bedroom In Dublin City,Panoramic Views of Grand Canal 2 Bedroom in Dublin City. Book with full confidence in our experienced team and professional management service in Dublin.
719,Panoramic Views Of The Ifsc 2 Bedroom Apartment In Dublin,Panoramic Views of the Ifsc 2 Bedroom Apartment in Dublin. Book with full confidence in our experienced team and professional management service in Dublin.
720,Grand Canal Views 1 Bedroom Apartment With Balcony In Dublin,Grand Canal Views 1 Bedroom Apartment With Balcony in Dublin. Book with full confidence in our experienced team and professional management service in Dublin.
725,Just A Few Steps From Grand Canal 2 Bedroom With Balcony,Just A Few Steps from Grand Canal 2 Bedroom with Balcony. Book with full confidence in our experienced team and professional management service in Dublin.
723,Grand Canal Dock 2 Bedroom With Private Balcony,Grand Canal Dock 2 Bedroom With Private Balcony Grand Canal Dock 2 Bedroom With Private Balcony
724,Grand Canal Square Forbes Quay 1 Bedroom With Balcony,Grand Canal Square Forbes Quay 1 Bedroom with Balcony. Book with full confidence in our experienced team and professional management service in Dublin.
727,Duplex 3 Bedroom With Parking In The Heart Of Ballsbridge,Duplex 3 Bedroom with Parking in the Heart of Balls Bridge. Book with full confidence in our experienced team and professional management service in Dublin.
728,2 Bedroom Is Just Minute Away From Leeson Street Bridge,2 Bedroom is Just Minute Away From Leeson Street Bridge. Book with full confidence in our experienced team and professional management service in Dublin.
729,Ballsbridge 1 Bedroom Apartment In The Heart Of Dublin,Ballsbridge 1 Bedroom Apartment in the Heart of Dublin. Book with full confidence in our experienced team and professional management service in Dublin.
730,Ballsbridge 2 Bedroom Apartment In The Heart Of Dublin,Ballsbridge 2 Bedroom Apartment in the Heart of Dublin. Book with full confidence in our experienced team and professional management service in Dublin.
731,1 Bedroom Apartment In Ballsbridge Dublin 4,1 Bedroom Apartment in Balls Bridge Dublin 4. Book with full confidence in our experienced team and professional management service in Dublin.
732,Near The City Centre Ballsbridge 1 Bedroom Apartment,Near The City Centre Balls Bridge 1 Bedroom Apartment. Book with full confidence in our experienced team and professional management service in Dublin.
737,Herbert Park Ballsbridge 1 Bedroom With Private Balcony,Herbert Park Balls Bridge 1 Bedroom with Private Balcony. Book with full confidence in our experienced team and professional management service in Dublin.
739,Duplex 3 Bedroom Penthouse With Amazing Views Of Sandmount,Duplex 3 Bedroom Penthouse with Amazing Views Of Sandmount. Book with full confidence in our experienced team and professional management service in Dublin.
740,3 Bedroom Penthouse In Dublin With Relaxing Views Of Eml Park,3 Bedroom Penthouse in Dublin with Relaxing Views of Eml Park. Book with full confidence in our experienced team and professional management service in Dublin.
742,Just A Few Minutes From Saint Stephens Green 1 Bedroom With Patio,Just A Few Minutes from Saint Stephens Green 1 Bedroom with Patio. Book with full confidence in our experienced team and professional management service in Dublin.
744,1 Bedroom Apartment With Patio In The Heart Of Dublin 4,1 Bedroom Apartment with Patio in the Heart of Dublin 4. Book with full confidence in our experienced team and professional management service in Dublin.
745,Flooded With Natural Light 1 Bedroom Apartment In Dublin 4,Flooded With Natural Light 1 Bedroom Apartment in Dublin 4. Book with full confidence in our experienced team and professional management service in Dublin.
747,Close To City Centre 1 Bedroom Apartment In Dublin 4,Close To City Centre 1 Bedroom Apartment in Dublin 4. Book with full confidence in our experienced team and professional management service in Dublin 4.
749,1 Bedroom Apartment In One Of The Best Area Of Dublin 4,1 Bedroom Apartment in One of the Best Area of Dublin 4. Book with full confidence in our experienced team and professional management service in Dublin 4.
751,Close To Saint Stephens Green 1 Bedroom In Dublin 4,Close To Saint Stephens Green 1 Bedroom In Dublin 4. Book with full confidence in our experienced team and professional management service in Dublin 4.
700,Just A Few Minutes From St Stephens Green 2 Bedroom For Rent,Just A Few Minutes From St Stephens Green 2 Bedroom for Rent. Book with full confidence in our experienced team and professional management service in Dublin 4.
669,Just A Few Minutes From St Stephens Green 1 Bedroom For Rent,Just a Few Minutes From St Stephens Green 1 Bedroom for Rent. Book with full confidence in our experienced team and professional management service in Dublin 4.
755,2 Bedroom Apartment In Dublin 4 Near The City Centre,2 Bedroom Apartment in Dublin 4 near The City Centre. Book with full confidence in our experienced team and professional management service in Dublin 4.
756,An Open Plan 1 Bedroom In The Heart Of Dublin 4,An Open Plan 1 Bedroom in the Heart of Dublin 4. Book with full confidence in our experienced team and professional management service in Dublin 4.
761,2 Bedroom Apartment In One Of The Best Areas Of Dublin,2 Bedroom Apartment in One of the Best Areas of Dublin. Book with full confidence in our experienced team and professional management service in Dublin 4.
762,1 Bedroom In One Of The Best Areas Of Dublin For Rent,1 Bedroom in One of the Best Areas of Dublin for Rent. Book with full confidence in our experienced team and professional management service in Dublin 4.
763,Close To Rangelagh Village 2 Bedroom Apartment In Dublin,Close to Rangelagh Village 2 Bedroom Apartment in Dublin. Book with full confidence in our experienced team and professional management service in Dublin 4.
701,Duplex 2 Bedroom With Patio Just A Few Minutes From Saint Stephens Green,Duplex 2 Bedroom with Patio Just a Few Minutes from Saint Stephens Green. Book with full confidence in our experienced team and professional management service in Dublin 4.
558,1 Bedroom Suite Apartment In Docklands,1 Bedroom Suite Apartment in Docklands. Book with full confidence in our experienced team and professional management service in Dublin 4.
559,2 Bedroom Suite Apartment In Docklands,2 Bedroom Suite Apartment in Docklands. Book with full confidence in our experienced team and professional management service in Dublin 4.
560,Docklands Studio Apartment With Aircon,Docklands Studio Apartment with Aircon. Book with full confidence in our experienced team and professional management service in Dublin 4.
659,Open Plan 1 Bedroom Suite Apartment In Docklands,Open Plan 1 Bedroom Suite Apartment in Docklands. Book with full confidence in our experienced team and professional management service in Dublin 4.
660,2 Bedroom Suite With Private Terrace In Docklands,2 Bedroom Suite with Private Terrace in Docklands. Book with full confidence in our experienced team and professional management service in Dublin 4.
767,Lux 1 Bedroom Apartment In The Heart Of Dublin 4,Lux 1 Bedroom Apartment in the Heart of Dublin 4. Book with full confidence in our experienced team and professional management service in Dublin 4.
562,Flooded With Natural Light 2 Bedroom Apartment In Dublin 1,Flooded With Natural Light 2 Bedroom Apartment in Dublin 1. Book with full confidence in our experienced team and professional management service in Dublin 4.
1262,Flooded With Natural Light 1 Bedroom Apartment In Dublin 1,Flooded With Natural Light 1 Bedroom Apartment in Dublin 1. Book with full confidence in our experienced team and professional management service in Dublin 4.
563,Recently Refurbished 2 Bedroom Apartment In Dublin 1,Recently Refurbished 2 Bedroom Apartment in Dublin 1. Book with full confidence in our experienced team and professional management service in Dublin 4.
564,3 Bedroom Apartment In Heart Of Dublin 1 For Rent,3 Bedroom Apartment in Heart of Dublin 1 for Rent. Book with full confidence in our experienced team and professional management service in Dublin 4.
629,Ballsbridge 2 Bedroom Apartment With A Small Garden,Ballsbridge 2 Bedroom Apartment with a Small Garden. Book with full confidence in our experienced team and professional management service in Dublin 4.
670,Victoria Street Studio Apartment In Dublin 8,Victoria Street Studio Apartment in Dublin 8. Book with full confidence in our experienced team and professional management service in Dublin 4.
772,Saint Stephens Green 1 Bedroom Apartment In Dublin,Saint Stephens Green 1 Bedroom Apartment In Dublin. Book with full confidence in our experienced team and professional management service in Dublin 4.
773,1 Bedroom Apartment Is Just Off The Grand Canal Dublin,1 Bedroom Apartment is Just off the Grand Canal Dublin. Book with full confidence in our experienced team and professional management service in Dublin 4.
830,Ifsc 1 Bedroom Apartment In Dublin For Rent,Ifsc 1 Bedroom Apartment in Dublin for Rent. Book with full confidence in our experienced team and professional management service in Dublin 4.
997,Grafton Street Studio Apartment With Aircon,Grafton Street Studio Apartment with Aircon. Book with full confidence in our experienced team and professional management service in Dublin 4.
1227,Grand Canal Docks 2 Bedroom Apartment With Balcony,Grand Canal Docks 2 Bedroom Apartment with Balcony. Book with full confidence in our experienced team and professional management service in Dublin 4.
1260,Grand Canal Docks 3 Bedroom Apartment With Balcony,Grand Canal Docks 3 Bedroom Apartment with Balcony. Book with full confidence in our experienced team and professional management service in Dublin 4.
1259,Hatch Street Studio In One Of The Citys Most Demanded Area,Hatch Street Studio in One of the City’s Most Demanded Area. Book with full confidence in our experienced team and professional management service in Dublin 4.
702,Close To The Iconic Aviva Stadium 2 Bedroom Apartment In Sandymount,Close To the Iconic Aviva Stadium 2 Bedroom Apartment in Sandy mount. Book with full confidence in our experienced team and professional management service in Dublin 4.
768,2 Bedroom Mews With Rear Garden In The Heart Of Dublin 4,2 Bedroom Mews with Rear Garden in the Heart of Dublin 4. Book with full confidence in our experienced team and professional management service in Dublin 4.
770,3 Bedroom With Private Patio In The Heart Of Ballsbridge,3 Bedroom with Private Patio in the Heart of Balls Bridge. Book with full confidence in our experienced team and professional management service in Dublin 4.
769,2 Bedroom Townhouse With Garden In Dublin 4,2 Bedroom Townhouse with Garden in Dublin 4. Book with full confidence in our experienced team and professional management service in Dublin 4.
771,Close To Trinity College 2 Bedroom Apartment With A Small Balcony,Close To Trinity College 2 Bedroom Apartment with a Small Balcony. Book with full confidence in our experienced team and professional management service in Dublin 4.
817,Close To Grand Canal Dock 3 Bedroom In Dublin 2,Close To Trinity College 2 Bedroom Apartment with a Small Balcony. Book with full confidence in our experienced team and professional management service in Dublin 4.
775,Close To Grand Canal Dock 2 Bedroom Apartment In Dublin 2,Close To Grand Canal Dock 2 Bedroom Apartment In Dublin 2. Book with full confidence in our experienced team and professional management service in Dublin 4.
777,Barrow Street 2 Bedroom Apartment In Dublin 4,Barrow Street 2 Bedroom Apartment in Dublin 4. Book with full confidence in our experienced team and professional management service in Dublin 4.
779,Ballsbridge 2 Bedroom Apartment With Private Balcony,Balls bridge 2 Bedroom Apartment with Private Balcony. Book with full confidence in our experienced team and professional management service in Dublin 4.
780,Close To The Iconic Aviva Stadium 2 Bedroom With Balcony,Close To the Iconic Aviva Stadium 2 Bedroom with Balcony. Book with full confidence in our experienced team and professional management service in Dublin 4.
782,Dublins Iconic Aviva Stadium 2 Bedroom Townhouse For Rent,Dublin’s Iconic Aviva Stadium 2 Bedroom Townhouse for Rent. Book with full confidence in our experienced team and professional management service in Dublin 4.
783,Silicon Docks 1 Bedroom Apartment With Balcony In Dublin 4,Silicon Docks 1 Bedroom Apartment with Balcony In Dublin 4. Book with full confidence in our experienced team and professional management service in Dublin 4.
784,2 Bedroom Townhouse With A Small Balcony In Ballsbridge,2 Bedroom Townhouse with a Small Balcony in Balls Bridge. Book with full confidence in our experienced team and professional management service in Dublin 4.
785,2 Bedroom Townhouse With Balcony In Dublin 4,2 Bedroom Townhouse with Balcony in Dublin 4. Book with full confidence in our experienced team and professional management service in Dublin 4.
786,Dublin Docklands 2 Bedroom Overlooking Internal Courtyard,Dublin Docklands 2 Bedroom Overlooking Internal Courtyard. Book with full confidence in our experienced team and professional management service in Dublin 4.
787,Haddington Road 2 Bedroom With A Small Balcony In Dublin,Haddington Road 2 Bedroom with a Small Balcony in Dublin. Book with full confidence in our experienced team and professional management service in Dublin 4.
788,Just Minutes Away From Trinity Colleage 1 Bedroom With Balcony In Dublin 2,Just Minutes Away From Trinity Colleage 1 Bedroom with Balcony in Dublin 2. Book with full confidence in our experienced team and professional management service in Dublin 4.
789,1 Bedroom Apartment In Sandymount Dublin 4,1 Bedroom Apartment in Sandy mount Dublin 4. Book with full confidence in our experienced team and professional management service in Dublin 4.
790,1 Bedroom Apartment With Patio In Dublin 4,1 Bedroom Apartment with Patio in Dublin 4. Book with full confidence in our experienced team and professional management service in Dublin 4.
793,Ballsbridge 2 Bedroom Townhouse In Dublin 4,Balls Bridge 2 Bedroom Townhouse in Dublin 4. Book with full confidence in our experienced team and professional management service in Dublin 4.
794,Herbert Park 2 Bedroom With Balcony In Dublin 4,Herbert Park 2 Bedroom with Balcony in Dublin 4. Book with full confidence in our experienced team and professional management service in Dublin 4.
797,Just Next To The Herbert Park 1 Bedroom Witn Balcony In Dublin 4,Just Next to The Herbert Park 1 Bedroom Witn Balcony in Dublin 4. Book with full confidence in our experienced team and professional management service in Dublin 4.
798,Just Minites Form Sandymount Village 1 Bedroom Apartment,Just Minites Form Sandy mount Village 1 Bedroom Apartment. Book with full confidence in our experienced team and professional management service in Dublin 4.
799,Just Minites Form Sandymount Village 2 Bedroom Apartment,Just Minites Form Sandy mount Village 2 Bedroom Apartment. Book with full confidence in our experienced team and professional management service in Dublin.
800,Just Minites Form Sandymount Village 3 Bedroom Apartment,Just Minites Form Sandy mount Village 3 Bedroom Apartment. Book with full confidence in our experienced team and professional management service in Dublin.
801,Lower Mount Street 1 Bedroom With Balcony In Dublin 2,Lower Mount Street 1 Bedroom with Balcony In Dublin 2. Book with full confidence in our experienced team and professional management service in Dublin.
802,Ballsbridge Duplex 1 Bedroom Apartment In Dublin 4,Balls Bridge Duplex 1 Bedroom Apartment in Dublin 4. Book with full confidence in our experienced team and professional management service in Dublin.
803,3 Bedroom Apartment In The Heart Of Ballsbridge Dublin 4,3 Bedroom Apartment in the Heart of Balls Bridge Dublin 4. Book with full confidence in our experienced team and professional management service in Dublin.
804,Modern 2 Bedroom Apartment In The Heart Of Dublin 1,Modern 2 Bedroom Apartment in the Heart of Dublin 1. Book with full confidence in our experienced team and professional management service in Dublin.
805,1 Bedroom In One Of North Dublins Most Desirable Suburbs,1 Bedroom in One of North Dublin’s Most Desirable Suburbs. Book with full confidence in our experienced team and professional management service in Dublin.
806,Just Minutes Form Docklands 2 Bedroom Apartment,Just Minutes Form Docklands 2 Bedroom Apartment. Book with full confidence in our experienced team and professional management service in Dublin.
807,Grand Canal Dock 2 Bedroom Apartment With Balcony,Grand Canal Dock 2 Bedroom Apartment with Balcony. Book with full confidence in our experienced team and professional management service in Dublin.
809,2 Bedroom Apartment With Views Of The Wicklow Mountains,2 Bedroom Apartment with Views of the Wicklow Mountains. Book with full confidence in our experienced team and professional management service in Dublin.
810,1 Bedroom Apartment With Balcony In Grand Canal Dublin 4,1 Bedroom Apartment with Balcony in Grand Canal Dublin 4. Book with full confidence in our experienced team and professional management service in Dublin.
811,Sandymount 2 Bedroom Apartment For Rent In Dublin,Sandy mount 2 Bedroom Apartment for Rent in Dublin. Book with full confidence in our experienced team and professional management service in Dublin.
812,Overlooking Herbert Park 1 Bedroom Apartment With Balcony,Overlooking Herbert Park 1 Bedroom Apartment with Balcony. Book with full confidence in our experienced team and professional management service in Dublin.
813,Sandymount 1 Bedroom With Wicklow Mountain Views,Sandy mount 1 Bedroom with Wicklow Mountain Views. Book with full confidence in our experienced team and professional management service in Dublin.
814,Overlooking The River Liffey 2 Bedroom With Balcony In Dublin,Overlooking the River Liffey 2 Bedroom with Balcony in Dublin. Book with full confidence in our experienced team and professional management service in Dublin.
815,Duplex 1 Bedroom For Rent In Baggot Street Ballsbridge,Duplex 1 Bedroom for Rent in Baggot Street Balls Bridge. Book with full confidence in our experienced team and professional management service in Dublin.
996,Perfect Home Away From Home 2 Bedroom With Balcony In Dublin 2,Perfect Home Away From Home 2 Bedroom with Balcony in Dublin 2. Book with full confidence in our experienced team and professional management service in Dublin.
1228,2 Bedroom Apartment In The Heart Of North Dublin,2 Bedroom Apartment in the Heart of North Dublin. Book with full confidence in our experienced team and professional management service in Dublin.
1272,Furnished 1 Bedroom Suite In The Heart Of Dublin 2,Furnished 1 Bedroom Suite in the Heart of Dublin 2. Book with full confidence in our experienced team and professional management service in Dublin
1273,Tranquil 2 Bedroom Suite In The Heart Of Dublin 2,Tranquil 2 Bedroom Suite in the Heart of Dublin 2. Book with full confidence in our experienced team and professional management service in Dublin.
1274,Luxury 2 Bedroom Penthouse With Rooftop In Dublin,Luxury 2 Bedroom Penthouse with Rooftop in Dublin. Book with full confidence in our experienced team and professional management service in Dublin.
1275,Rooftop 3 Bedroom Penthouse With Indoor Sauna In Dublin,Rooftop 3 Bedroom Penthouse with Indoor Sauna in Dublin. Book with full confidence in our experienced team and professional management service in Dublin.
1276,Dublin Airport 2 Bedroom Serviced Apartment For Rent,Dublin Airport 2 Bedroom Serviced Apartment for Rent. Book with full confidence in our experienced team and professional management service in Dublin.
557,Dublin 2 Bedroom Apartment In Sandyford With Balcony,Dublin 2 Bedroom Apartment in Sandyford with Balcony. Book with full confidence in our experienced team and professional management service in Dublin.
1229,Just Off St Stephens Green Georgian 2 Bedroom Apartment,Just off St Stephens Green Georgian 2 Bedroom Apartment. Book with full confidence in our experienced team and professional management service in Dublin.
656,1 Bedroom In One Of Dublins Fashion Shopping District,1 Bedroom in One of Dublin’s Fashion Shopping District. Book with full confidence in our experienced team and professional management service in Dublin.
657,2 Bedroom In One Of Dublins Fashion Shopping District,2 Bedroom in One of Dublin’s Fashion Shopping District. Book with full confidence in our experienced team and professional management service in Dublin.
561,Riverfront 1 Bedroom With Balcony In Docklands,Riverfront 1 Bedroom with Balcony in Docklands. Book with full confidence in our experienced team and professional management service in Dublin.
652,Riverfront 2 Bedroom With Balcony In Docklands,Riverfront 2 Bedroom with Balcony in Docklands. Book with full confidence in our experienced team and professional management service in Dublin.
649,Dublins Silicon Docks 1 Bedroom Apartment With Balcony,Dublin’s Silicon Docks 1 Bedroom Apartment with Balcony. Book with full confidence in our experienced team and professional management service in Dublin.
650,Dublins Silicon Docks 2 Bedroom Apartment With Balcony,Dublin’s Silicon Docks 2 Bedroom Apartment with Balcony. Book with full confidence in our experienced team and professional management service in Dublin.
655,Dublins Central Business District 1 Bedroom With Balcony,Dublin’s Central Business District 1 Bedroom with Balcony. Book with full confidence in our experienced team and professional management service in Dublin.
654,Dublins Central Business District 2 Bedroom With Balcony,Dublin’s Central Business District 2 Bedroom with Balcony. Book with full confidence in our experienced team and professional management service in Dublin.
653,Dublins Central Business District 2 Bedroom Apartment,Dublin’s Central Business District 2 Bedroom Apartment. Book with full confidence in our experienced team and professional management service in Dublin.
1261,Luxurious 1 Bedroom Apartment In Dublins Business District,Luxurious 1 Bedroom Apartment in Dublin’s Business District. Book with full confidence in our experienced team and professional management service in Dublin.
1051,1 Bedroom Apartment For Rent Near Trinity College,1 Bedroom Apartment for Rent near Trinity College. Book with full confidence in our experienced team and professional management service in Dublin.
188,Luxurious 1 Bedroom Apartment In Dublin For Rent,Luxurious 1 Bedroom Apartment in Dublin for Rent. Book with full confidence in our experienced team and professional management service in Dublin.
131,Ballsbridge 1 Bedroom Apartment In Dublin City,Balls Bridge 1 Bedroom Apartment in Dublin City. Book with full confidence in our experienced team and professional management service in Dublin.
130,Ballsbridge 2 Bedroom Apartment In Dublin City,Balls Bridge 2 Bedroom Apartment in Dublin City. Book with full confidence in our experienced team and professional management service in Dublin.
129,Ballsbridge 3 Bedroom Apartment In Dublin City,Balls Bridge 3 Bedroom Apartment in Dublin City. Book with full confidence in our experienced team and professional management service in Dublin.
542,"Ballsbridge Newbridge Avenue Open Plan 1 Bedroom Apartment
",Balls Bridge New bridge Avenue Open Plan 1 Bedroom Apartment. Book with full confidence in our experienced team and professional management service in Dublin.
665,Just Outside The Town Of Ballon County Carlow 2 Bedroom Mews,Just Outside The Town of Ballon County Carlow 2 Bedroom Mews. Book with full confidence in our experienced team and professional management service in Dublin.
151,Close To Ifsc Luxury 2 Bedroom Apartment In Dublin 1,Close To Ifsc Luxury 2 Bedroom Apartment in Dublin 1. Book with full confidence in our experienced team and professional management service in Dublin.
167,Close To Ifsc Luxurious 3 Bedroom Apartment In Dublin 1,Close To Ifsc Luxurious 3 Bedroom Apartment in Dublin 1. Book with full confidence in our experienced team and professional management service in Dublin.
648,Close To Ifsc Luxury 1 Bedroom Apartment In Dublin 1,Close To Ifsc Luxury 1 Bedroom Apartment in Dublin 1. Book with full confidence in our experienced team and professional management service in Dublin.
643,1 Bedroom Apartment For Rent In Leopardstown Dublin 18,1 Bedroom Apartment for Rent in Leopards town Dublin 18. Book with full confidence in our experienced team and professional management service in Dublin.
632,2 Bedroom Apartment For Rent In Leopardstown Dublin 18,2 Bedroom Apartment for Rent in Leopards town Dublin 18. Book with full confidence in our experienced team and professional management service in Dublin.
186,Grand Canal Dock Newly Refurbished 2 Bedroom Apartment,Grand Canal Dock Newly Refurbished 2 Bedroom Apartment. Book with full confidence in our experienced team and professional management service in Dublin.
145,Modern 2 Bedroom Apartment Just Off Grand Canal Dock,Modern 2 Bedroom Apartment Just off Grand Canal Dock. Book with full confidence in our experienced team and professional management service in Dublin.
179,Trendy 2 Bedroom Apartment Just Off Grand Canal Dock,Trendy 2 Bedroom Apartment Just off Grand Canal Dock. Book with full confidence in our experienced team and professional management service in Dublin.
640,Vibrant 1 Bedroom Apartment In Cherrywood Dublin,Vibrant 1 Bedroom Apartment in Cherry wood Dublin. Book with full confidence in our experienced team and professional management service in Dublin.
645,Vibrant 2 Bedroom Apartment In Cherrywood Dublin,Vibrant 2 Bedroom Apartment in Cherry wood Dublin. Book with full confidence in our experienced team and professional management service in Dublin.
543,Newly Renovated 1 Bedroom In The Heart Of Dublin 4,Newly Renovated 1 Bedroom in The Heart of Dublin 4. Book with full confidence in our experienced team and professional management service in Dublin.
136,2 Bedroom Apartment With Amazing River Views In Dublin 4,2 Bedroom Apartment with Amazing River Views in Dublin 4. Book with full confidence in our experienced team and professional management service in Dublin.
148,Ballsbridge 3 Bedroom Apartment With A Long Balcony,Balls bridge 3 Bedroom Apartment with A Long Balcony. Book with full confidence in our experienced team and professional management service in Dublin.
642,Grattan Street 1 Bedroom With Balcony In South City Central,Grattan Street 1 Bedroom with Balcony in South City Central. Book with full confidence in our experienced team and professional management service in Dublin.
641,1 Bedroom With Balcony In Grattan Street South City Central,1 Bedroom with Balcony in Grattan Street South City Central. Book with full confidence in our experienced team and professional management service in Dublin.
135,Beautiful Views Of Grand Canal Dock 2 Bedroom With Balcony,Beautiful Views of Grand Canal Dock 2 Bedroom With Balcony. Book with full confidence in our experienced team and professional management service in Dublin.
646,Centrally Located Studio In Ballsbridge Dublin 4,Centrally Located Studio In Balls bridge Dublin 4. Book with full confidence in our experienced team and professional management service in Dublin.
170,Close To Grand Canal Square Luxury 2 Bedroom Apartment,Close To Grand Canal Square Luxury 2 Bedroom Apartment. Book with full confidence in our experienced team and professional management service in Dublin.
644,1 Bedroom Apartment With Balcony For Rent In Ballsbridge,1 Bedroom Apartment with Balcony for Rent in Balls Bridge. Book with full confidence in our experienced team and professional management service in Dublin.
647,1 Bedroom Apartment For Rent In Ballsbridge Dublin,1 Bedroom Apartment for Rent in Balls Bridge Dublin. Book with full confidence in our experienced team and professional management service in Dublin.
658,Elegant 1 Bedroom Apartment In Donnybrook Dublin 4,Elegant 1 Bedroom Apartment in Donnybrook Dublin 4. Book with full confidence in our experienced team and professional management service in Dublin.
1070,Premium 2 Bedroom Apartment In Blackrock With Terrace,Premium 2 Bedroom Apartment in Blackrock with Terrace. Book with full confidence in our experienced team and professional management service in Dublin.
666,Halfpenny Bridge City Studio Apartment With Aircon,Premium 2 Bedroom Apartment in Blackrock with Terrace. Book with full confidence in our experienced team and professional management service in Dublin.
661,Halfpenny Bridge Studio Apartment With Aircon,Halfpenny Bridge Studio Apartment with Aircon. Book with full confidence in our experienced team and professional management service in Dublin.
662,Halfpenny Bridge Open Plan Studio Apartment With Aircon,Halfpenny Bridge Open Plan Studio Apartment with Aircon. Book with full confidence in our experienced team and professional management service in Dublin.
663,Open Plan Studio With Aircon In Halfpenny Bridge,Open Plan Studio With Aircon In Halfpenny Bridge. Book with full confidence in our experienced team and professional management service in Dublin.
667,Open Plan 1 Bedroom Suite Just Minute Away From Iconic Bridge In Dublin,Open Plan 1 Bedroom Suite Just Minute Away From Iconic Bridge in Dublin. Book with full confidence in our experienced team and professional management service in Dublin.
664,Stunning Views Over The River Liffey Studio With Aircon,Stunning Views over the River Liffey Studio with Aircon. Book with full confidence in our experienced team and professional management service in Dublin.
668,River Liffey Views Duplex 1 Bedroom Suite With Aircon,River Liffey Views Duplex 1 Bedroom Suite with Aircon. Book with full confidence in our experienced team and professional management service in Dublin.
