584,Le Marais Stylish 2 Bedroom Apartment With Aircon,le Marais Stylish 2 Bedroom Apartment with Aircon. Book with full confidence in our experienced team and professional management service in Marais.
580,Studio Located Between Bastille And Marais With Aircon,Studio Located Between Bastille and Marais with Aircon. Book with full confidence in our experienced team and professional management service in Bastille and Marais.
577,Deluxe Studio Located Between Bastille Marais With Aircon,Deluxe Studio Located Between Bastille Marais with Aircon. Book with full confidence in our experienced team and professional management service in Bastille and Marais.
576,1 Bedroom Located Between Bastille Marais With Aircon,1 Bedroom Located Between Bastille Marais with Aircon. Book with full confidence in our experienced team and professional management service in Bastille and Marais.
575,Deluxe 1 Bedroom Located Between Bastille Marais Aircon,Deluxe 1 Bedroom Located Between Bastille Marais Aircon. Book with full confidence in our experienced team and professional management service in Bastille and Marais.
569,Walk To Tour Eiffel Studio With Aircon,Walk to Tour Eiffel Studio with Aircon. Book with full confidence in our experienced team and professional management service in Paris.
570,Eiffel Tower Views Studio With Aircon,Eiffel Tower Views Studio with Aircon. Book with full confidence in our experienced team and professional management service in Paris.
618,Eiffel Tower Views Deluxe Studio With Balcony,Eiffel Tower Views Deluxe Studio with Balcony. Book with full confidence in our experienced team and professional management service in Paris.
571,Close To Tour Eiffel Amazing 1 Bedroom With Aircon,Close to Tour Eiffel Amazing 1 Bedroom with Aircon. Book with full confidence in our experienced team and professional management service in Paris.
912,Eiffel Tower Views 1 Bedroom With Aircon,Eiffel Tower Views 1 Bedroom with Aircon. Book with full confidence in our experienced team and professional management service in Paris.
857,Studio Apartment With Aircon In Republique,Studio Apartment with Aircon in Republique. Book with full confidence in our experienced team and professional management service in Paris.
858,1 Bedroom Apartment In The Heart Of Republique,1 Bedroom Apartment in the Heart of Republique. Book with full confidence in our experienced team and professional management service in Paris.
859,Les Halles Deluxe Studio Apartment With Aircon,Les Halles Deluxe Studio Apartment with Aircon. Book with full confidence in our experienced team and professional management service in Paris.
860,Les Halles Studio Apartment With Aircon,Les Halles Studio Apartment with Aircon. Book with full confidence in our experienced team and professional management service in Paris.
861,Les Halles 1 Bedroom Apartment With Aircon,Les Halles 1 Bedroom Apartment with Aircon. Book with full confidence in our experienced team and professional management service in Paris.
862,Studio Apartment With Aircon In Opera,Studio Apartment with Aircon in Opera. Book with full confidence in our experienced team and professional management service in Paris.
908,Suite Couture Apartment With Aircon In Opera,Suite Couture Apartment with Aircon in Opera. Book with full confidence in our experienced team and professional management service in Paris.
909,Studio Executive Apartment With Aircon In Opera,Studio Executive Apartment with Aircon in Opera. Book with full confidence in our experienced team and professional management service in Paris.
863,1 Bedroom Apartment With Aircon In Opera,1 Bedroom Apartment with Aircon in Opera. Book with full confidence in our experienced team and professional management service in Paris.
864,Executive 1 Bedroom Apartment With Aircon In Opera,Executive 1 Bedroom Apartment with Aircon in Opera. Book with full confidence in our experienced team and professional management service in Paris.
866,Studio Apartment In Austerlitz,Studio Apartment in Austerlitz. Book with full confidence in our experienced team and professional management service in Paris.
867,1 Bedroom Apartment With Balcony In Austerlitz,1 Bedroom Apartment with Balcony in Austerlitz. Book with full confidence in our experienced team and professional management service in Paris.
868,In The Heart Of Bastille Studio Apartment,In the Heart of Bastille Studio Apartment. Book with full confidence in our experienced team and professional management service in Paris.
869,In The Heart Of Bastille 1 Bedroom Apartment,In the Heart of Bastille 1 Bedroom Apartment. Book with full confidence in our experienced team and professional management service in Paris.
870,In The Heart Of Bastille 2 Bedroom Apartment,In the heart of Bastille 2-Bedroom Apartment. Book with full confidence in our experienced team and professional management service in Paris.
876,Studio Apartment In The Heart Of Montmartre,Studio Apartment in the Heart of Montmartre. Book with full confidence in our experienced team and professional management service in Paris.
903,Studio Apartment With Balcony In The Heart Of Montmartre,Studio Apartment with Balcony in the heart of Montmartre. Book with full confidence in our experienced team and professional management service in Paris.
877,1 Bedroom Apartment In The Heart Of Montmartre,1 Bedroom Apartment in the heart of Montmartre. Book with full confidence in our experienced team and professional management service in Paris.
878,Studio Apartment With Aircon In Montparnasse,Studio Apartment with Aircon in Montparnasse. Book with full confidence in our experienced team and professional management service in Paris.
879,1 Bedroom Apartment With Aircon In Montparnasse,1 Bedroom Apartment with Aircon in Montparnasse. Book with full confidence in our experienced team and professional management service in Montparnasse.
880,Place D'italie Studio Apartment With Aircon,Place d'italie Studio Apartment with Aircon. Book with full confidence in our experienced team and professional management service in Paris.
881,Place D'italie 1 Bedroom Apartment With Aircon,Place d'italie 1 Bedroom Apartment with Aircon. Book with full confidence in our experienced team and professional management service in Paris.
888,Studio Apartment With Aircon In Saint Germain,Studio Apartment with Aircon in Saint Germain. Book with full confidence in our experienced team and professional management service in Paris.
889,Studio Deluxe Apartment With Aircon In Saint Germain,Studio Apartment with Aircon in Saint Germain. Book with full confidence in our experienced team and professional management service in Paris.
910,Studio Apartment With Seine View In Saint Germain,Studio Apartment with Seine View in Saint Germain. Book with full confidence in our experienced team and professional management service in Paris.
890,1 Bedroom Apartment Aircon In Saint Germain,1 Bedroom Apartment Aircon in Saint Germain. Book with full confidence in our experienced team and professional management service in Paris.
911,Saint Germain 1 Bedroom With Aircon,Saint Germain 1 Bedroom with Aircon. Book with full confidence in our experienced team and professional management service in Paris.
891,In The Heart Of Trocadero Studio With Aircon,In the Heart of Trocadero Studio with Aircon. Book with full confidence in our experienced team and professional management service in Paris.
892,In The Heart Of Trocadero 1 Bedroom With Aircon,In the Heart of Trocadero 1 Bedroom with Aircon. Book with full confidence in our experienced team and professional management service in Paris.
893,In The Heart Of Trocadero 2 Bedroom With Aircon,In the Heart of Trocadero 2 Bedroom with Aircon. Book with full confidence in our experienced team and professional management service in Paris.
913,Executive Studio Apartment With Aircon In Champs Elysees,Executive Studio Apartment with Aircon in Champs Elysees. Book with full confidence in our experienced team and professional management service in Paris.
894,Deluxe Studio Apartment With Aircon In Champs Elysees,Deluxe Studio Apartment with Aircon in Champs Elysees. Book with full confidence in our experienced team and professional management service in Paris.
894,1 Bedroom Apartment With Aircon In Champs Elysees,1 Bedroom Apartment with Aircon in Champs Elysees. Book with full confidence in our experienced team and professional management service in Champs Elysees.
915,Duplex 1 Bedroom With Terrace In Champs Elysees,Duplex 1 Bedroom with Terrace in Champs Elysees. Book with full confidence in our experienced team and professional management service in Champs Elysees.
916,Duplex Studio Apartment In Champs Eiysees With Balcony,Duplex Studio Apartment in Champs Eiysees with Balcony. Book with full confidence in our experienced team and professional management service in Champs Elysees.
834,Stylish Junior Suite Apartment With Aircon In Louvre,Stylish Junior Suite Apartment with Aircon in Louvre. Book with full confidence in our experienced team and professional management service in Louvre.
917,Premiere Suite Apartment With Aircon In Louvre,Premiere Suite Apartment with Aircon in Louvre. Book with full confidence in our experienced team and professional management service in Louvre.
918,Exclusive Suite Apartment With Aircon In Louvre,Exclusive Suite Apartment with Aircon in Louvre. Book with full confidence in our experienced team and professional management service in Louvre.
919,Royale Suite Apartment With Aircon In Louvre Sleeps 4,Royale Suite Apartment with Aircon in Louvre Sleeps 4. Book with full confidence in our experienced team and professional management service in Louvre.
835,Deluxe 1 Bedroom In The Heart Of Tour Eiffel With Aircon,Deluxe 1 Bedroom in The Heart of Tour Eiffel with Aircon. Book with full confidence in our experienced team and professional management service in Louvre.
836,Deluxe 2 Bedroom In The Heart Of Tour Eiffel With Aircon,Deluxe 2 Bedroom in The Heart of Tour Eiffel with Aircon. Book with full confidence in our experienced team and professional management service in Louvre.
920,Superior Studio In The Heart Of Tour Eiffel With Aircon,Superior Studio in The Heart of Tour Eiffel with Aircon. Book with full confidence in our experienced team and professional management service in Louvre.
921,Superior Premium Studio Suite In The Heart Of Tour Eiffel With Aircon,Superior Premium Studio Suite in The Heart of Tour Eiffel with Aircon. Book with full confidence in our experienced team and professional management service in Louvre.
923,Executive Studio In The Heart Of Tour Eiffel With Aircon,Executive Studio in The Heart of Tour Eiffel with Aircon. Book with full confidence in our experienced team and professional management service in Paris.
924,Eiffel Tower Views 2 Bedroom Suite With Balcony,Eiffel Tower Views 2 Bedroom Suite with Balcony. Book with full confidence in our experienced team and professional management service in Paris.
215,Parisian Design Marais 4 Bedroom Apartment With Aircon,Parisian Design Marais 4 Bedroom Apartment with Aircon. Book with full confidence in our experienced team and professional management service in Paris.
516,A Brand New Lux 3 Bedroom Apartment In Marais,A Brand-New Lux 3 Bedroom Apartment in Marais. Book with full confidence in our experienced team and professional management service in Marais.
517,Marais 2 Bedroom Apartment With Large Terrace,Marais 2 Bedroom Apartment With Large Terrace. Book with full confidence in our experienced team and professional management service in Marais.
518,Studio Apartment In The Deep Heart Of Montorgueil,Studio Apartment in The Deep Heart of Montorgueil. Book with full confidence in our experienced team and professional management service in Marais.
519,Le Marais Studio Apartment In Paris With Aircon,Le Marais Studio Apartment in Paris with Aircon. Book with full confidence in our experienced team and professional management service in Marais.
520,Live Like Parisian Marais 1 Bedroom Apartment,Live Like Parisian Marais 1 Bedroom Apartment. Book with full confidence in our experienced team and professional management service in Marais.
241,Haussmann Style Luxury 4 Bedroom Apartment With Aircon,Haussmann Style Luxury 4 Bedroom Apartment With Aircon. Book with full confidence in our experienced team and professional management service in Marais.
242,Breathtaking Views On The French Comedy Louvre 2 Bedroom,Breathtaking Views on The French Comedy Louvre 2 Bedroom. Book with full confidence in our experienced team and professional management service in Paris
244,2 Bedroom Apartment In The Heart Of Opera,2 Bedroom Apartment in The Heart of Opera. Book with full confidence in our experienced team and professional management service in Paris.
245,Saint Germain Des Pres 2 Bedroom Apartment With Aircon,Saint Germain Des Pres 2 Bedroom Apartment with Aircon. Book with full confidence in our experienced team and professional management service in Paris.
246,1 Bedroom Apartment Close To Hard Rock Cafe,1 Bedroom Apartment Close to Hard Rock Cafe. Book with full confidence in our experienced team and professional management service in Paris.
247,Trocadero 1 Bedroom Apartment With Balcony,Trocadero 1 Bedroom Apartment with Balcony. Book with full confidence in our experienced team and professional management service in Paris.
248,Breathtaking Views Of Paris 1 Bedroom In Les Halles With Four Balconies,Breathtaking Views of Paris 1 Bedroom In Les Halles with Four Balconies. Book with full confidence in our experienced team and professional management service in Paris.
249,Close To Gare Saint Lazare 1 Bedroom Apartment With Terrace,Close To Gare Saint Lazare 1 Bedroom Apartment with Terrace. Book with full confidence in our experienced team and professional management service in Paris.
251,Champs Elysees 1 Bedroom Apartment With Long Balcony,Champs Elysees 1 Bedroom Apartment with Long Balcony. Book with full confidence in our experienced team and professional management service in Paris.
252,Close To Opera Garnier 1 Bedroom Apartment,Close To Opera Garnier 1 Bedroom Apartment. Book with full confidence in our experienced team and professional management service in Paris.
253,Traditional French Style Duplex 1 Bedroom In Louvre,Traditional French Style Duplex 1 Bedroom in Louvre. Book with full confidence in our experienced team and professional management service in Louvre.
746,In Front Of The Louvre Museum 3 Bedroom Apartment,In Front of The Louvre Museum 3 Bedroom Apartment. Book with full confidence in our experienced team and professional management service in Louvre.
826,2 Bedroom Apartment Next To Place De Opera With Balcony,2 Bedroom Apartment Next to Place De Opera with Balcony. Book with full confidence in our experienced team and professional management service in Louvre.
827,Champs Elysees 2 Bedroom In The Worlds Most Beautiful Avenue,Champs Elysees 2 Bedroom in The World’s Most Beautiful Avenue. Book with full confidence in our experienced team and professional management service in Paris.
933,Champs Elysees 2 Bedroom Apartment With Aircon,Champs Elysees 2 Bedroom Apartment with Aircon. Book with full confidence in our experienced team and professional management service in Paris.
934,One Bedroom Apartment Close To Louvre Museum,One Bedroom Apartment Close to Louvre Museum. Book with full confidence in our experienced team and professional management service in Paris.
935,Spacious 2 Bedroom With Balcony Near Parc Monceau,Spacious 2 Bedroom with Balcony Near Parc Monceau. Book with full confidence in our experienced team and professional management service in Paris.
1089,Ideal 1 Bedroom In Les Grands Boulevards Opera,Ideal 1 Bedroom In Les Grands Boulevards Opera. Book with full confidence in our experienced team and professional management service in Paris.
1143,Steps Away From The Center Pompidou 2 Bedroom Apartment,Steps Away from The Centre Pompidou 2 Bedroom Apartment. Book with full confidence in our experienced team and professional management service in Paris.
200,2 Bedroom In Louvre With Breathtaking Views Of The Comedie Francaise,2 Bedroom in Louvre with Breathtaking Views of The Comedie Francaise. Book with full confidence in our experienced team and professional management service in Paris.
266,Halles De Paris 2 Bedroom Apartment,Halles De Paris 2 Bedroom Apartment. Book with full confidence in our experienced team and professional management service in Paris.
673,Bonne Nouvelle 2 Bedroom Apartment In Paris,Bonne Nouvelle 2 Bedroom Apartment in Paris. Book with full confidence in our experienced team and professional management service in Paris.
270,Palais Royal 2 Bedroom Apartment With Balcony,Palais Royal 2 Bedroom Apartment with Balcony. Book with full confidence in our experienced team and professional management service in Paris.
674,2 Bedroom Loft Just A Few Minutes From Montorgueil Street,2 Bedroom Loft Just A Few Minutes from Montorgueil Street. Book with full confidence in our experienced team and professional management service in Paris.
271,Rent A 2 Bedroom Apartment In Paris With A Balcony,Rent A 2 Bedroom Apartment in Paris with A Balcony. Book with full confidence in our experienced team and professional management service in Paris.
276,2 Bedroom Apartment Near Chatelet Paris,2 Bedroom Apartment Near Chatelet Paris. Book with full confidence in our experienced team and professional management service in Paris.
675,Marais 3 Bedroom Apartment In Paris,Marais 3 Bedroom Apartment in Paris. Book with full confidence in our experienced team and professional management service in Paris.
676,Marias Rue Oberkampf 1 Bedroom Apartment,Marias Rue Oberkampf 1 Bedroom Apartment. Book with full confidence in our experienced team and professional management service in Paris.
677,1 Bedroom Apartment In Opera Bastille Paris,1 Bedroom Apartment in Opera Bastille Paris. Book with full confidence in our experienced team and professional management service in Paris.
678,Rue De Arc De Triomphe 1 Bedroom Apartment In Paris,Rue De Arc De Triomphe 1 Bedroom Apartment in Paris. Book with full confidence in our experienced team and professional management service in Paris.
277,In The Heart Of Saint Germain 2 Bedroom Apartment,In The Heart of Saint Germain 2 Bedroom Apartment. Book with full confidence in our experienced team and professional management service in Paris.
278,In The Heart Of Marais 2 Bedroom Apartment,In The Heart of Marais 2 Bedroom Apartment. Book with full confidence in our experienced team and professional management service in Paris.
279,Stay In Front Of Pompidou Centre 2 Bedroom Apartment,Stay In Front of Pompidou Centre 2 Bedroom Apartment. Book with full confidence in our experienced team and professional management service in Paris.
282,Invalides 2 Bedroom Apartment In Paris,Invalides 2 Bedroom Apartment in Paris. Book with full confidence in our experienced team and professional management service in Paris.
283,2 Bedroom Apartment In Tour Eiffel Paris,2 Bedroom Apartment in Tour Eiffel Paris. Book with full confidence in our experienced team and professional management service in Paris.
285,4 Bedroom Apartment With Incredible Views Of Paris Right Bank,4 Bedroom Apartment with Incredible Views of Paris Right Bank. Book with full confidence in our experienced team and professional management service in Paris.
286,Jardin Des Plantes 4 Bedroom Apartment With Aircon,Jardin Des Plantes 4 Bedroom Apartment with Aircon. Book with full confidence in our experienced team and professional management service in Paris.
289,Jardin Des Rosiers Luxury 3 Bedroom Loft In Paris,Jardin Des Rosiers Luxury 3 Bedroom Loft in Paris. Book with full confidence in our experienced team and professional management service in Paris.
585,Le Marais 2 Bedroom Apartment In Paris,Le Marais 2 Bedroom Apartment in Paris. Book with full confidence in our experienced team and professional management service in Paris.
1268,Luxury 3Br Apartment With Aircon In Porte Saint Martin,Luxury 3Br Apartment with Aircon in Porte Saint Martin. Book with full confidence in our experienced team and professional management service in Paris.
750,Duplex 3 Bedroom Apartment In The Heart Of Le Marais,Duplex 3 Bedroom Apartment in The Heart Of Le Marais. Book with full confidence in our experienced team and professional management service in Paris.
752,127M Stylish 4 Bedroom Apartment In Le Marais Paris,127M Stylish 4 Bedroom Apartment In Le Marais Paris. Book with full confidence in our experienced team and professional management service in Paris.
766,Very Close To Opera Bastille 2 Bedroom With Terrace,Very Close to Opera Bastille 2 Bedroom with Terrace. Book with full confidence in our experienced team and professional management service in Paris.
849,Le Marais 2 Bedroom Apartment With Views Of The Courtyard,Le Marais 2 Bedroom Apartment with Views of The Courtyard. Book with full confidence in our experienced team and professional management service in Paris.
850,2 Bedroom Apartment Close To Bastille,2 Bedroom Apartment Close to Bastille. Book with full confidence in our experienced team and professional management service in Paris.
903,Close To Pompidou Center 2 Bedroom Apartment,Close To Pompidou Center 2 Bedroom Apartment. Book with full confidence in our experienced team and professional management service in Paris.
905,Artistic 2 Bedroom Apartment In Le Marais,Artistic 2 Bedroom Apartment In Le Marais. Book with full confidence in our experienced team and professional management service in Paris.
944,A Few Steps Away From The Place Des Vosges 2 Bedroom With Aircon,A Few Steps Away from The Place des Vosges 2 Bedroom with Aircon. Book with full confidence in our experienced team and professional management service in Paris.
942,Magnificent 2 Bedroom Apartment In The Heart Of Le Marais,Magnificent 2 Bedroom Apartment in The Heart Of Le Marais. Book with full confidence in our experienced team and professional management service in Paris.
943,2 Bedroom Apartment With A Large Pvt Courtyard In Marais,2 Bedroom Apartment with A Large Pvt Courtyard in Marais. Book with full confidence in our experienced team and professional management service in Paris.
954,Gorgeous Mansion 3 Bedroom In The Heart Of Louver,Gorgeous Mansion 3 Bedroom in The Heart of Louver. Book with full confidence in our experienced team and professional management service in Paris.
955,Chic Style Farmhouse 3 Bedroom Apartment In Marais,Chic Style Farmhouse 3 Bedroom Apartment in Marais. Book with full confidence in our experienced team and professional management service in Paris.
956,Split Level 3 Bedroom With Patio In The Heart Of Marais,Split Level 3 Bedroom with Patio in The Heart of Marais. Book with full confidence in our experienced team and professional management service in Paris.
957,Bastille 3 Bedroom Apartment In The Heart Of Paris,Bastille 3 Bedroom Apartment in The Heart of Paris. Book with full confidence in our experienced team and professional management service in Paris.
958,140M 3 Bedroom Apartment In The Heart Of Marais,140M 3 Bedroom Apartment in The Heart of Marais. Book with full confidence in our experienced team and professional management service in Paris.
959,Duplex 3 Bedroom In Le Marais With Private Terrace,Duplex 3 Bedroom In Le Marais with Private Terrace. Book with full confidence in our experienced team and professional management service in Paris.
960,Right In The Heart Of Le Marais 3 Bedroom Apartment,Right In the Heart Of Le Marais 3 Bedroom Apartment. Book with full confidence in our experienced team and professional management service in Paris.
961,Eiffel Tower 3 Bedroom With Air Conditioning,Eiffel Tower 3 Bedroom with Air Conditioning. Book with full confidence in our experienced team and professional management service in Paris.
962,American Style Loft 3 Bedroom Apartment In Bastille,American Style Loft 3 Bedroom Apartment in Bastille. Book with full confidence in our experienced team and professional management service in Bastille.
963,Louvre 3 Bedroom Apartment For Rent,Louvre 3 Bedroom Apartment for Rent. Book with full confidence in our experienced team and professional management service in Bastille.
964,Close To Pompidou Museum 2 Bedroom Apartment,Close To Pompidou Museum 2 Bedroom Apartment. Book with full confidence in our experienced team and professional management service in Paris.
965,Montorgueil 2 Bedroom Apartment In Paris For Rent,Montorgueil 2 Bedroom Apartment In Paris For Rent
967,Beautiful Views On Bastille 2 Bedroom With Air Conditioning,Beautiful Views on Bastille 2 Bedroom with Air Conditioning. Book with full confidence in our experienced team and professional management service in Paris.
968,Lux 2 Bedroom With Aircon In The Hert Montorgueil,Lux 2 Bedroom with Aircon in The Hert Montorgueil. Book with full confidence in our experienced team and professional management service in Paris.
969,Opera Bastille 2 Bedroom Apartment With Aircon,Opera Bastille 2 Bedroom Apartment with Aircon. Book with full confidence in our experienced team and professional management service in Paris.
972,Champs Elysees 2 Bedroom With Aircon For Rent,Champs Elysees 2 Bedroom with Aircon for Rent. Book with full confidence in our experienced team and professional management service in Paris.
973,2 Bedroom Apartment For Rent In Le Marais Paris,2 Bedroom Apartment for Rent In Le Marais Paris. Book with full confidence in our experienced team and professional management service in Paris.
974,Facing The Square Du Temple Marais 2 Bedroom Apartment,Facing The Square Du Temple Marais 2 Bedroom Apartment. Book with full confidence in our experienced team and professional management service in Paris.
975,Overlooking Courtyard 2 Bedroom Apartment In The Marais,Overlooking Courtyard 2 Bedroom Apartment in The Marais. Book with full confidence in our experienced team and professional management service in Paris.
976,Marais 2 Bedroom Apartment With Private Patio For Rent,Marais 2 Bedroom Apartment with Private Patio for Rent. Book with full confidence in our experienced team and professional management service in Paris.
977,In The Heart Of Montorgueil Ideal 2 Bedroom,In The Heart of Montorgueil Ideal 2 Bedroom. Book with full confidence in our experienced team and professional management service in Paris.
978,Opera Bastille 2 Bedroom Apartment With Large Balcony,Opera Bastille 2 Bedroom Apartment with Large Balcony. Book with full confidence in our experienced team and professional management service in Paris.
979,2 Bedroom With Balcony For Rent Near Montorgeuil,2 Bedroom with Balcony for Rent Near Montorgeuil. Book with full confidence in our experienced team and professional management service in Paris.
980,2 Bedroom Apartment In The Heart Of Bastille Paris,2 Bedroom Apartment in The Heart of Bastille Paris. Book with full confidence in our experienced team and professional management service in Paris.
981,2 Bedroom Apartment With Aircon In The Heart Champs Elysees,2 Bedroom Apartment with Aircon in The Heart Champs Elysees. Book with full confidence in our experienced team and professional management service in Paris.
982,Champs Elysees 2 Bedroom With Aircon For Rent In Paris,Champs Elysees 2 Bedroom with Aircon for Rent in Paris. Book with full confidence in our experienced team and professional management service in Paris.
966,108M Magnificent 2 Bedroom Apartment In Bastille,108M Magnificent 2 Bedroom Apartment in Bastille. Book with full confidence in our experienced team and professional management service in Bastille.
989,Walk On The Historic Streets Of The Marais 1 Bedroom,Walk On the Historic Streets of The Marais 1 Bedroom. Book with full confidence in our experienced team and professional management service in Bastille.
991,Upper Side Of The Marais 1 Bedroom For Rent In Paris,Upper Side of The Marais 1 Bedroom for Rent in Paris. Book with full confidence in our experienced team and professional management service in Bastille.
993,Marais 1 Bedroom Apartment In Paris For Rent,Marais 1 Bedroom Apartment in Paris for Rent. Book with full confidence in our experienced team and professional management service in Bastille.
994,1 Bedroom Near The Picasso Museum In The Heart Of Marais,1 Bedroom Near the Picasso Museum in The Heart of Marais. Book with full confidence in our experienced team and professional management service in Bastille.
995,Trendy 1 Bedroom With Private Terrace In The Heart Of Marais,Trendy 1 Bedroom with Private Terrace in The Heart of Marais. Book with full confidence in our experienced team and professional management service in Bastille.
998,Overlooking The Museum Des Archives 1 Bedroom Apartment In Marais,Overlooking The Museum Des Archives 1 Bedroom Apartment in Marais. Book with full confidence in our experienced team and professional management service in Bastille.
999,Close To The Arc De Triomphe 1 Bedroom With Aircon In Paris,Close To the Arc De Triomphe 1 Bedroom with Aircon in Paris. Book with full confidence in our experienced team and professional management service in Bastille.
1000,Close To The Arc De Triomphe 1 Bedroom Apartment With Aircon,Close To the Arc De Triomphe 1 Bedroom Apartment with Aircon. Book with full confidence in our experienced team and professional management service in Bastille.
1001,1 Bedroom Apartment In Marais With A Nice Paris Views,1 Bedroom Apartment in Marais with A Nice Paris Views. Book with full confidence in our experienced team and professional management service in Bastille.
1002,1 Bedroom Apartment Near Opera Bastille And Pompidou Center,1 Bedroom Apartment Near Opera Bastille and Pompidou Center. Book with full confidence in our experienced team and professional management service in Bastille.
1003,Chic 1 Bedroom In Champs Elysees With Air Condition,Chic 1 Bedroom in Champs Elysees with Air Condition. Book with full confidence in our experienced team and professional management service in Bastille.
1005,1 Bedroom With Aircon In The Shadow Of The Champs Elysees,1 Bedroom with Aircon in The Shadow of The Champs Elysees. Book with full confidence in our experienced team and professional management service in Bastille.
1006,Ideal 1 Bedroom Apartment In Champs Elysees With Aircon,Ideal 1 Bedroom Apartment in Champs Elysees with Aircon. Book with full confidence in our experienced team and professional management service in Bastille.
1007,Located On A Quiet Street 1 Bedroom With Patio In Marais,Located On a Quiet Street 1 Bedroom with Patio in Marais. Book with full confidence in our experienced team and professional management service in Bastille.
1009,Montorgueil 1 Bedroom Apartment With A Long Balcony,Montorgueil 1 Bedroom Apartment with A Long Balcony. Book with full confidence in our experienced team and professional management service in Bastille.
1010,Close To The Opera Garnier 1 Bedroom With Balcony,Close To the Opera Garnier 1 Bedroom with Balcony. Book with full confidence in our experienced team and professional management service in Bastille.
1011,1 Bedroom Apartment Close To Notre Dame Cathedral,1 Bedroom Apartment Close to Notre Dame Cathedral. Book with full confidence in our experienced team and professional management service in Bastille.
1013,1 Bedroom Apartment In The Very Popular Montorgeuil District,1 Bedroom Apartment in The Very Popular Montorgeuil District. Book with full confidence in our experienced team and professional management service in Bastille.
1014,1 Bedroom Apartment Near Le Square Du Temple,1 Bedroom Apartment Near Le Square Du Temple. Book with full confidence in our experienced team and professional management service in Bastille.
1015,Trendy Marais 1 Bedroom Apartment For Rent,Trendy Marais 1 Bedroom Apartment for Rent. Book with full confidence in our experienced team and professional management service in Bastille.
1016,Paris Rooftop Views 1 Bedroom In Marais With Balcony,Paris Rooftop Views 1 Bedroom in Marais with Balcony. Book with full confidence in our experienced team and professional management service in Bastille.
1017,Champs Elysees 1 Bedroom With Aircon For Rent,Champs Elysees 1 Bedroom with Aircon for Rent. Book with full confidence in our experienced team and professional management service in Bastille.
1018,1 Bedroom Apartment In Champs Elysees With Aircon,1 Bedroom Apartment in Champs Elysees with Aircon. Book with full confidence in our experienced team and professional management service in Bastille.
1019,Stone Built 1 Bedroom Apartment In Le Marais For Rent,Stone Built 1 Bedroom Apartment In Le Marais for Rent. Book with full confidence in our experienced team and professional management service in Bastille.
1020,Lux 1 Bedroom With Aircon In Champs Elysees,Lux 1 Bedroom with Aircon in Champs Elysees. Book with full confidence in our experienced team and professional management service in Bastille.
1021,Champs Elysees 1 Bedroom Apartment With Aircon In Paris,Champs Elysees 1 Bedroom Apartment with Aircon in Paris. Book with full confidence in our experienced team and professional management service in Bastille.
1022,1 Bedroom Apartment With Aircon In Champs Elysees Avenue,1 Bedroom Apartment with Aircon in Champs Elysees Avenue. Book with full confidence in our experienced team and professional management service in Bastille.
1023,Opera Bastille 1 Bedroom Apartment For Rent,Opera Bastille 1 Bedroom Apartment for Rent. Book with full confidence in our experienced team and professional management service in Bastille.
1024,Cosy 1 Bedroom Apartment Close To Opera Bastille,Cosy 1 Bedroom Apartment Close to Opera Bastille. Book with full confidence in our experienced team and professional management service in Bastille.
1025,1 Bedroom Apartment Overlooking Breathtaking Views Of Marais,1 Bedroom Apartment Overlooking Breathtaking Views of Marais. Book with full confidence in our experienced team and professional management service in Bastille.
1026,Arc De Triomphe 1 Bedroom Apartment With Aircon,Arc De Triomphe 1 Bedroom Apartment with Aircon. Book with full confidence in our experienced team and professional management service in Bastille.
1028,Close To Arc De Triomphe 1 Bedroom With Aircon For Rent,Close To Arc De Triomphe 1 Bedroom with Aircon for Rent. Book with full confidence in our experienced team and professional management service in Bastille.
1030,1 Bedroom Apartment With Aircon In Arc De Triomphe,1 Bedroom Apartment with Aircon in Arc De Triomphe. Book with full confidence in our experienced team and professional management service in Bastille.
1032,Marais 1 Bedroom Apartment In The Heart Of City,Marais 1 Bedroom Apartment in The Heart of City. Book with full confidence in our experienced team and professional management service in Bastille.
1041,Nice 2 Bedroom Apartment In Le Marais Paris,Nice 2 Bedroom Apartment In Le Marais Paris. Book with full confidence in our experienced team and professional management service in Le Marais Paris.
1042,Few Steps From Place De La Republique 2 Bedroom Apartment,Few Steps from Place De La Republique 2 Bedroom Apartment. Book with full confidence in our experienced team and professional management service in Le Marais Paris.
1043,2 Bedroom Apartment In Le Marais For Long Stay,2 Bedroom Apartment In Le Marais for Long Stay. Book with full confidence in our experienced team and professional management service in Le Marais Paris.
1044,Duplex 2 Bedroom Apartment With A Private Terrace In Marais,Duplex 2 Bedroom Apartment With A Private Terrace In Marais. Book with full confidence in our experienced team and professional management service in Le Marais Paris.
1045,2 Bedroom Apartment Close To The Museum Archives In Marais,2 Bedroom Apartment Close to The Museum Archives in Marais. Book with full confidence in our experienced team and professional management service in Le Marais Paris.
1046,Large 2 Bedroom Apartment In The Heart Of Le Marais,Large 2 Bedroom Apartment in The Heart Of Le Marais. Book with full confidence in our experienced team and professional management service in Marais.
1047,Beautiful 3 Bedroom In The Heart Of Le Marais For Long Stay,Beautiful 3 Bedroom in The Heart Of Le Marais for Long Stay. Book with full confidence in our experienced team and professional management service in Marais.
1048,Montorgueil 2 Bedroom Apartment For Rent,Montorgueil 2 Bedroom Apartment for Rent. Book with full confidence in our experienced team and professional management service in Paris.
1049,Artistic Style 2 Bedroom Apartment In The Heart Of Le Marais,Artistic Style 2 Bedroom Apartment in The Heart Of Le Marais. Book with full confidence in our experienced team and professional management service in Paris.
1050,Saint Germain 2 Bedroom Apartment In The Heart Of Paris,Saint Germain 2 Bedroom Apartment in The Heart of Paris. Book with full confidence in our experienced team and professional management service in Paris.
1033,Large Studio Apartment In The Heart Of Marais,Large Studio Apartment in The Heart of Marais. Book with full confidence in our experienced team and professional management service in Paris.
1034,Studio Apartment In The Heart Of Montorgueil,Studio Apartment in The Heart of Montorgueil. Book with full confidence in our experienced team and professional management service in Paris.
1035,Studio Apartment In The Heart Of Marais,Studio Apartment in The Heart of Marais. Book with full confidence in our experienced team and professional management service in Paris.
1036,Marais Studio Loft On A Quiet Tree Lined Paved Courtyard,Marais Studio Loft on A Quiet Tree Lined Paved Courtyard. Book with full confidence in our experienced team and professional management service in Paris.
1037,Champs Elysees Studio Apartment In The Heart Of Paris,Champs Elysees Studio Apartment in The Heart of Paris. Book with full confidence in our experienced team and professional management service in Paris.
1038,Studio Apartment In The Heart Of Marais Paris,Studio Apartment in The Heart of Marais Paris. Book with full confidence in our experienced team and professional management service in Paris.
1039,Marais Studio With Nice Little Terrace In The Heart Of Marais,Marais Studio with Nice Little Terrace in The Heart of Marais. Book with full confidence in our experienced team and professional management service in Paris.
1040,Charming Studio Apartment With A Courtyard Views In Bastille,Charming Studio Apartment with A Courtyard Views in Bastille. Book with full confidence in our experienced team and professional management service in Paris.
1052,2 Bedroom Apartmet In Marais For Monthly Stay,2 Bedroom Apartment in Marais for Monthly Stay. Book with full confidence in our experienced team and professional management service in Paris.
/1053,Modern 2 Bedroom Apartment Walk To Bastille,Modern 2 Bedroom Apartment Walk to Bastille. Book with full confidence in our experienced team and professional management service in Bastille.
1054,2 Bedroom Apartment Near To The Place Des Vosges,2 Bedroom Apartment Near to The Place des Vosges. Book with full confidence in our experienced team and professional management service in Bastille.
1055,Split Level 2 Bedroom Apartment In Marais,Split Level 2 Bedroom Apartment in Marais. Book with full confidence in our experienced team and professional management service in Bastille.
1056,2 Bedroom Apartment In The Upper Marais,2 Bedroom Apartment in The Upper Marais. Book with full confidence in our experienced team and professional management service in Marais.
1057,Marais 2 Bedroom Apartment With Park Views,Marais 2 Bedroom Apartment with Park Views. Book with full confidence in our experienced team and professional management service in Paris.
1058,In The Upper Side Of The Marais 2 Bedroom Apartment,In The Upper Side of The Marais 2 Bedroom Apartment. Book with full confidence in our experienced team and professional management service in Paris.
1059,2 Bedroom Apartment Close To Place Des Vosges For Rent,2 Bedroom Apartment Close to Place des Vosges for Rent. Book with full confidence in our experienced team and professional management service in Paris.
1060,Duplex 2 Bedroom In The Heart Of Marais On A Paved Street,Duplex 2 Bedroom in The Heart of Marais on A Paved Street. Book with full confidence in our experienced team and professional management service in Paris.
1064,2 Bedroom Close To Montorgueils Typical Pedestrian Street,2 Bedroom Close to Montorgueils Typical Pedestrian Street. Book with full confidence in our experienced team and professional management service in Paris.
1065,Beautiful 2 Bedroom Apartment In Marais,Beautiful 2 Bedroom Apartment in Marais. Book with full confidence in our experienced team and professional management service in Marais.
1071,Quiet 2 Bedroom Apartment In Le Marais With Patio,Quiet 2 Bedroom Apartment In Le Marais with Patio. Book with full confidence in our experienced team and professional management service in Marais.
1072,Exclusive Split Level 2 Bedroom Apartment In Le Marais,Exclusive Split Level 2 Bedroom Apartment In Le Marais. Book with full confidence in our experienced team and professional management service in Marais
1073,Parisian 2 Bedroom Apartment In Marais,Exclusive Split Level 2 Bedroom Apartment In Le Marais. Book with full confidence in our experienced team and professional management service in Marais.
1074,Le Marais 2 Bedroom Apartment For Rent,Le Marais 2 Bedroom Apartment for Rent. Book with full confidence in our experienced team and professional management service in Marais.
1075,Louvre 2 Bedroom Apartment In The Heart Paris,Louvre 2 Bedroom Apartment in The Heart Paris. Book with full confidence in our experienced team and professional management service in Marais.
1076,An Incredible View Of A Historic Monument 2 Bedroom In Marais,An Incredible View of a Historic Monument 2 Bedroom in Marais. Book with full confidence in our experienced team and professional management service in Marais.
1077,Place Des Vosges 2 Bedroom Apartment In Paris,Place Des Vosges 2 Bedroom Apartment in Paris. Book with full confidence in our experienced team and professional management service in Marais.
1078,2 Bedroom Apartment Facing Saint Merri Church Paris,2 Bedroom Apartment Facing Saint Merri Church Paris. Book with full confidence in our experienced team and professional management service in Marais.
1079,Views Of The Square Du Temple 2 Bedroom Apartment,Views Of the Square Du Temple 2 Bedroom Apartment. Book with full confidence in our experienced team and professional management service in Marais.
1080,Recently Renovated 2 Bedroom Near Norte Dame Cathedral,Recently Renovated 2 Bedroom Near Norte Dame Cathedral. Book with full confidence in our experienced team and professional management service in Marais.
1081,2 Bedroom Apartment Close To Ile Saint Louis,2 Bedroom Apartment Close to Ile Saint Louis. Book with full confidence in our experienced team and professional management service in Paris.
1082,Beautiful 2 Bedroom Apartment Near Ile Saint Louis,Beautiful 2 Bedroom Apartment Near Ile Saint Louis. Book with full confidence in our experienced team and professional management service in Paris.
1083,Saint Paul 2 Bedroom With Patio In The Heart Of Paris,Saint Paul 2 Bedroom with Patio in The Heart of Paris. Book with full confidence in our experienced team and professional management service in Paris.
1084,Cosy 2 Bedroom In The Heart Of Marais For Rent,Cosy 2 Bedroom in The Heart of Marais for Rent. Book with full confidence in our experienced team and professional management service in Paris.
1085,2 Bedroom Apartment In The Heart Of Marais,2 Bedroom Apartment in The Heart of Marais. Book with full confidence in our experienced team and professional management service in Paris.
1086,Marais 2 Bedroom Apartment In The Heart Of Paris,Marais 2 Bedroom Apartment in The Heart of Paris. Book with full confidence in our experienced team and professional management service in Paris.
1087,Duplex 2 Bedroom Apartment In Heart Of Montorguel,Duplex 2 Bedroom Apartment in Heart of Montorguel. Book with full confidence in our experienced team and professional management service in Paris.
1088,Split Level 2 Bedroom With A Nice View On A Marais Central Street,Split Level 2 Bedroom with A Nice View on A Marais Central Street. Book with full confidence in our experienced team and professional management service in Paris.
1090,Close To The Town Hall 1 Bedroom Apartment,Close To the Town Hall 1 Bedroom Apartment. Book with full confidence in our experienced team and professional management service in Paris.
1091,Marais 1 Bedroom Apartment Overlooking The Courtyard,Marais 1 Bedroom Apartment Overlooking the Courtyard. Book with full confidence in our experienced team and professional management service in Paris.
1092,Spacious 1 Bedroom Apartment In The Heart Of Marais,Spacious 1 Bedroom Apartment in The Heart of Marais. Book with full confidence in our experienced team and professional management service in Paris.
1094,1 Bedroom Apartment Near The Island Of Saint Louis,1 Bedroom Apartment Near the Island of Saint Louis. Book with full confidence in our experienced team and professional management service in Paris.
1096,Montogueil 1 Bedroom Under The Roof Of A Paris Historic Area,Montogueil 1 Bedroom Under the Roof of a Paris Historic Area. Book with full confidence in our experienced team and professional management service in Paris.
1097,Le Marais With Trees Views 1 Bedroom Apartment,Le Marais with Trees Views 1 Bedroom Apartment. Book with full confidence in our experienced team and professional management service in Paris.
1098,Bathed In Light 1 Bedroom In The Heart Of Le Marais,Bathed In Light 1 Bedroom in The Heart Of Le Marais. Book with full confidence in our experienced team and professional management service in Marais.
1099,Urban 1 Bedroom Apartment In The Heart Of Canal Saint Martin,Urban 1 Bedroom Apartment in The Heart of Canal Saint Martin. Book with full confidence in our experienced team and professional management service in Marais.
1100,1 Bedroom Apartment On The Marais Central Street,1 Bedroom Apartment on The Marais Central Street. Book with full confidence in our experienced team and professional management service in Marais.
1101,Le Marais 1 Bedroom Apartment For Rent In Paris,Le Marais 1 Bedroom Apartment for Rent in Paris. Book with full confidence in our experienced team and professional management service in Marais.
1102,Musee Des Arts Et Metiers 1 Bedroom Apartment In Paris,Musee Des Arts Et Metiers 1 Bedroom Apartment in Paris. Book with full confidence in our experienced team and professional management service in Paris.
1103,1 Bedroom Apartment In Marais,1 Bedroom Apartment in Marais. Book with full confidence in our experienced team and professional management service in Paris.
1104,1 Bedroom Apartment Just Minutes From The Marais,1 Bedroom Apartment Just Minutes from The Marais. Book with full confidence in our experienced team and professional management service in Paris.
1105,Marais 1 Bedroom Apartment In The Heart Of Paris,Marais 1 Bedroom Apartment in The Heart of Paris. Book with full confidence in our experienced team and professional management service in Paris.
1106,Absolute Calm 1 Bedroom Apartment In The Heart Of Paris,Absolute Calm 1 Bedroom Apartment in The Heart of Paris. Book with full confidence in our experienced team and professional management service in Paris.
1107,An Exceptional View Of The Pompidou Center 1 Bedroom Apartment,An Exceptional View of The Pompidou Center 1 Bedroom Apartment. Book with full confidence in our experienced team and professional management service in Paris.
1112,Rue Du Marais 1 Bedroom Apartment With Aircon,Rue Du Marais 1 Bedroom Apartment with Aircon. Book with full confidence in our experienced team and professional management service in Paris.
1113,Just Minutes From The National Archives 1 Bedroom Apartment,Just Minutes from The National Archives 1 Bedroom Apartment. Book with full confidence in our experienced team and professional management service in Paris.
1114,1 Bedroom Apartment In St Paul Le Marais,1 Bedroom Apartment in St Paul Le Marais. Book with full confidence in our experienced team and professional management service in Paris.
1115,Just Minutes From The Maison De Victor Hugo 1 Bedroom,Just Minutes from The Maison De Victor Hugo 1 Bedroom. Book with full confidence in our experienced team and professional management service in Paris.
1116,Bathed In Light 1 Bedroom With Balcony In Marais,Bathed In Light 1 Bedroom with Balcony in Marais. Book with full confidence in our experienced team and professional management service in Paris.
1117,Close To The Picasso Museum 1 Bedroom In The Histroic Marais,Close To the Picasso Museum 1 Bedroom in The Histroic Marais. Book with full confidence in our experienced team and professional management service in Paris.
1111,1 Bedroom In A Privileged Street Of The Marais,1 Bedroom in A Privileged Street of The Marais. Book with full confidence in our experienced team and professional management service in Paris.
1121,Newly Renovated 1 Bedroom Apartment In Marais,Newly Renovated 1 Bedroom Apartment in Marais. Book with full confidence in our experienced team and professional management service in Paris.
1122,Duplex 1 Bedroom Apartment In Paris For Monthly Stay,Duplex 1 Bedroom Apartment in Paris for Monthly Stay. Book with full confidence in our experienced team and professional management service in Paris.
1123,1 Bedroom Apartment In Paris For Rent,1 Bedroom Apartment in Paris for Rent. Book with full confidence in our experienced team and professional management service in Paris.
1126,1 Bedroom Apartment In The Heart Of Le Marais,1 Bedroom Apartment in The Heart Of Le Marais. Book with full confidence in our experienced team and professional management service in Paris.
1127,Paris 1 Bedroom Apartment Near The Town Hall,Paris 1 Bedroom Apartment Near the Town Hall. Book with full confidence in our experienced team and professional management service in Paris.
1128,Hotel De Ville 1 Bedroom Apartment For Rent,Hotel De Ville 1 Bedroom Apartment for Rent. Book with full confidence in our experienced team and professional management service in Paris.
1129,Facing The Saint Merri Duplex 1 Bedroom Apartment,Facing The Saint Merri Duplex 1 Bedroom Apartment. Book with full confidence in our experienced team and professional management service in Paris.
1130,1 Bedroom Apartment In The Heart Of Paris,1 Bedroom Apartment in The Heart of Paris. Book with full confidence in our experienced team and professional management service in Paris.
1132,1 Bedroom Apartment In The Heart Of The Marais Gardens,1 Bedroom Apartment in The Heart of The Marais Gardens. Book with full confidence in our experienced team and professional management service in Paris.
1133,1 Bedroom Apartment With Long Balcony In Opera,1 Bedroom Apartment with Long Balcony in Opera. Book with full confidence in our experienced team and professional management service in Paris.
1134,1 Bedroom Apartment Close To The Place De La Republique,1 Bedroom Apartment Close to The Place De La Republique. Book with full confidence in our experienced team and professional management service in Paris.
1135,1 Bedroom Apartment In The Historic District Of Saint Paul,1 Bedroom Apartment in The Historic District of Saint Paul. Book with full confidence in our experienced team and professional management service in Paris.
1136,Overlooking The Quarys Of The Seine 1 Bedroom Apartment,Overlooking The Quarys of The Seine 1 Bedroom Apartment. Book with full confidence in our experienced team and professional management service in Paris.
1137,Pleasant 1 Bedroom Apartment In Bastille,Pleasant 1 Bedroom Apartment in Bastille. Book with full confidence in our experienced team and professional management service in Paris.
1138,1 Bedroom Apartment In The Heart Of Montorgueil,1 Bedroom Apartment in The Heart of Montorgueil. Book with full confidence in our experienced team and professional management service in Paris.
1139,Studio Apartment In Vaugirard Paris,Studio Apartment in Vaugirard Paris. Book with full confidence in our experienced team and professional management service in Paris.
1140,1 Bedroom Apartment With Views Of The Eiffel Tower,1 Bedroom Apartment with Views of The Eiffel Tower. Book with full confidence in our experienced team and professional management service in Paris.
1141,Marais 1 Bedroom Apartment Overlooking The Courtyard,Marais 1 Bedroom Apartment Overlooking the Courtyard. Book with full confidence in our experienced team and professional management service in Paris.
1142,1 Bedroom Apartment In The Montorgueil District,1 Bedroom Apartment in The Montorgueil District. Book with full confidence in our experienced team and professional management service in Paris.
1144,Duplex 1 Bedroom Apartment In Marais,Duplex 1 Bedroom Apartment in Marais. Book with full confidence in our experienced team and professional management service in Paris.
1145,1 Bedroom Apartment Facing The Tour St Jacques,1 Bedroom Apartment Facing the Tour St Jacques. Book with full confidence in our experienced team and professional management service in Paris.
1146,1 Bedroom Apartment In The Heart Of Latin Quarter,1 Bedroom Apartment in The Heart of Latin Quarter. Book with full confidence in our experienced team and professional management service in Paris.
1147,Just Minutes From The Place Des Vosges 1 Bedroom With Balcony,Just Minutes from The Place des Vosges 1 Bedroom with Balcony. Book with full confidence in our experienced team and professional management service in Paris.
1148,In The Heart Of Paris Louvre 1 Bedroom Apartment,In The Heart of Paris Louvre 1 Bedroom Apartment. Book with full confidence in our experienced team and professional management service in Paris.
1149,1 Bedroom Apartment In The Heart Of Paris For Rent,1 Bedroom Apartment in The Heart of Paris for Rent. Book with full confidence in our experienced team and professional management service in Paris.
1150,Well Designed 1 Bedroom Apartment In Marais,Well Designed 1 Bedroom Apartment in Marais. Book with full confidence in our experienced team and professional management service in Marais.
1151,1 Bedroom Just Minutes From The Maison De Victor Hugo,1 Bedroom Just Minutes from The Maison De Victor Hugo. Book with full confidence in our experienced team and professional management service in Marais.
1152,Delighted 1 Bedroom Apartment In The Heart Of Marais,Delighted 1 Bedroom Apartment in The Heart of Marais. Book with full confidence in our experienced team and professional management service in Marais.
1154,Fully Furnished Studio Apartment In Le Marais,Fully Furnished Studio Apartment In Le Marais. Book with full confidence in our experienced team and professional management service in Marais.
1155,Close To The Island Of Saint Louis 1 Bedroom Apartment,Close To the Island of Saint Louis 1 Bedroom Apartment. Book with full confidence in our experienced team and professional management service in Marais.
1156,Marais 1 Bedroom Apartment With Three Balconies,Marais 1 Bedroom Apartment with Three Balconies. Book with full confidence in our experienced team and professional management service in Marais.
1157,Le Marais 1 Bedroom Apartment In The Heart Of Paris,Le Marais 1 Bedroom Apartment in The Heart of Paris. Book with full confidence in our experienced team and professional management service in Marais.
1158,1 Bedroom At The Edge Of The Very Popular Pedestrian Street Montorgueil,1 Bedroom at The Edge of The Very Popular Pedestrian Street Montorgueil. Book with full confidence in our experienced team and professional management service in Marais.
1159,1 Bedroom Apartment In The Heart Of The St Paul District,1 Bedroom Apartment in The Heart of The St Paul District. Book with full confidence in our experienced team and professional management service in Marais.
1160,Bathed In Light Directly Overlooking The Picasso Museum 1 Bedroom,Bathed In Light Directly Overlooking the Picasso Museum 1 Bedroom. Book with full confidence in our experienced team and professional management service in Marais.
1161,Fully Renovated 1 Bedroom In The Heart Of The St Merri District,Fully Renovated 1 Bedroom in The Heart of The St Merri District. Book with full confidence in our experienced team and professional management service in Marais.
1162,Close To The Centre Pompidou 1 Bedroom Apartment In Paris,Close To the Centre Pompidou 1 Bedroom Apartment in Paris. Book with full confidence in our experienced team and professional management service in Marais.
1163,Ile St Louis 1 Bedroom Apartment With Overlooking The Courtyard,Ile St Louis 1 Bedroom Apartment with Overlooking the Courtyard. Book with full confidence in our experienced team and professional management service in Marais.
1164,Le Marais 1 Bedroom Apartment With Unobstructed Gardens Views,Le Marais 1 Bedroom Apartment with Unobstructed Gardens Views. Book with full confidence in our experienced team and professional management service in Marais.
1165,A Stroll Through The Centre Pompidou 1 Bedroom Apartment,A Stroll Through the Centre Pompidou 1 Bedroom Apartment. Book with full confidence in our experienced team and professional management service in Marais.
1166,Marais 1 Bedroom Apartment In The Heart Of City Center,Marais 1 Bedroom Apartment in The Heart of City Center. Book with full confidence in our experienced team and professional management service in Marais.
1167,1 Bedroom Apartment In Marais For Rent,1 Bedroom Apartment in Marais for Rent. Book with full confidence in our experienced team and professional management service in Marais.
1168,Bright 1 Bedroom Apartment In Le Marais,Bright 1 Bedroom Apartment In Le Marais. Book with full confidence in our experienced team and professional management service in Marais.
1169,1 Bedroom Apartment In The Haut Du Marais,Bright 1 Bedroom Apartment In Le Marais. Book with full confidence in our experienced team and professional management service in Marais.
1170,Lit By A Skylight 1 Bedroom Apartment In Le Marais,Lit By A Skylight 1 Bedroom Apartment In Le Marais. Book with full confidence in our experienced team and professional management service in Marais.
1171,Newly Renovated 1 Bedroom Apartment In Montorgueil,Lit By A Skylight 1 Bedroom Apartment In Le Marais. Book with full confidence in our experienced team and professional management service in Marais.
1172,A Few Steps Away From Rue Des Archives 1 Bedroom,A Few Steps Away From Rue Des Archives 1 Bedroom. Book with full confidence in our experienced team and professional management service in Marais.
1173,1 Bedroom Apartment In The Quays Of The Seine On Ile St Louis,1 Bedroom Apartment In The Quays Of The Seine On Ile St Louis. Book with full confidence in our experienced team and professional management service in Marais.
1174,1 Bedroom Apartment Marais Paris,1 Bedroom Apartment Marais Paris. Book with full confidence in our experienced team and professional management service in Paris.
1175,Bastille 1 Bedroom Apartment In The Heart Of Paris,Bastille 1 Bedroom Apartment In The Heart Of Paris. Book with full confidence in our experienced team and professional management service in Paris.
1176,Renovated 1 Bedroom Apartment In Bastille,Renovated 1 Bedroom Apartment In Bastille. Book with full confidence in our experienced team and professional management service in Paris.
1177,Marais 1 Bedroom Apartment With Beautiful City Views,Marais 1 Bedroom Apartment With Beautiful City Views. Book with full confidence in our experienced team and professional management service in Paris.
1178,Eiffel Tower Views 1 Bedroom Apartment With Aircon,Eiffel Tower Views 1 Bedroom Apartment With Aircon. Book with full confidence in our experienced team and professional management service in Paris.
1179,Le Marais 1 Bedroom Overlooking An Interior Courtyard,Le Marais 1 Bedroom Overlooking An Interior Courtyard. Book with full confidence in our experienced team and professional management service in Paris.
1180,Close To The Town Hall 1 Bedroom Apartment In Marais,Close To the Town Hall 1 Bedroom Apartment In Marais. Book with full confidence in our experienced team and professional management service in Paris.
1181,1 Bedroom Apartment Close To Hotel De Ville,1 Bedroom Apartment Close To Hotel De Ville. Book with full confidence in our experienced team and professional management service in Paris.
1182,1 Bedroom Apartment Close To Place Des Vosges,1 Bedroom Apartment Close to Place Des Vosges. Book with full confidence in our experienced team and professional management service in Paris.
1183,1 Bedroom Apartment In The Historic District Of St Paul,1 Bedroom Apartment in the Historic District of St Paul. Book with full confidence in our experienced team and professional management service in Paris.
1184,Close To Maison De Victor Hugo 1 Bedroom Apartment,Close To Maison De Victor Hugo 1 Bedroom Apartment. Book with full confidence in our experienced team and professional management service in Paris.
1185,Close To Porte De Versailles 1 Bedroom With Balcony,Close To Porte De Versailles 1 Bedroom with Balcony. Book with full confidence in our experienced team and professional management service in Paris.
1186,Marais 1 Bedroom Overlooking A Courtyard For Rent,Marais 1 Bedroom Overlooking a Courtyard for Rent. Book with full confidence in our experienced team and professional management service in Paris.
1125,1 Bedroom Apartment With Garden Views Near Historic Picasso Museum,1 Bedroom Apartment with Garden Views near Historic Picasso Museum. Book with full confidence in our experienced team and professional management service in Paris.
1199,Paris Gare De Lyon 1 Bedroom With Large Balcony,Paris Gare De Lyon 1 Bedroom with Large Balcony. Book with full confidence in our experienced team and professional management service in Paris.
1187,3 Bedroom Apartment In The Heart Of Marais For Rent,3 Bedroom Apartment in the Heart of Marais for Rent. Book with full confidence in our experienced team and professional management service in Paris.
1188,3 Bedroom Apartment In Trendy District Of The Marais,3 Bedroom Apartment in Trendy District of the Marais. Book with full confidence in our experienced team and professional management service in Paris.
1189,3 Bedroom Apartment In The Haut Marais For Rent,3 Bedroom Apartment in the Haut Marais for Rent. Book with full confidence in our experienced team and professional management service in Paris.
1190,Marais 3 Bedroom Apartment In The Heart Of Paris,Marais 3 Bedroom Apartment in the Heart of Paris. Book with full confidence in our experienced team and professional management service in Paris.
1191,3 Bedroom Apartment On The Edge Of The Marais,3 Bedroom Apartment on the Edge of the Marais. Book with full confidence in our experienced team and professional management service in Paris.
1192,3 Bedroom Apartment In Hotel De Savourny Paris,3 Bedroom Apartment in Hotel De Savourny Paris. Book with full confidence in our experienced team and professional management service in Paris.
1193,4 Bedroom Apartment With Terrace In Saint Paul District,4 Bedroom Apartment with Terrace in Saint Paul District. Book with full confidence in our experienced team and professional management service in Paris.
1194,4 Bedroom Apartment In The Haut Marais For Rent,4 Bedroom Apartment in the Haut Marais for Rent. Book with full confidence in our experienced team and professional management service in Paris.
1195,4 Bedroom Apartment Close To The National School Of Arts,4 Bedroom Apartment Close To the National School of Arts. Book with full confidence in our experienced team and professional management service in Paris.
1196,4 Bedroom Overlooking The Very Large Place De La Republique,4 Bedroom Overlooking the Very Large Place De La Republique. Book with full confidence in our experienced team and professional management service in Paris.
1197,5 Bedroom Apartment Overlooking Porte Saint Martin Paris,5 Bedroom Apartment Overlooking Porte Saint Martin Paris. Book with full confidence in our experienced team and professional management service in Paris.
1198,Marais 4 Bedroom Apartment In Paris For Rent,Marais 4 Bedroom Apartment in Paris for Rent. Book with full confidence in our experienced team and professional management service in Paris.
1201,Studio With Terrace In The Heart Of Marais,Studio with Terrace in the Heart of Marais. Book with full confidence in our experienced team and professional management service in Paris.
1202,Studio In The Heart Of Louvre Palais Royal,Studio in the Heart of Louvre Palais Royal. Book with full confidence in our experienced team and professional management service in Paris.
1203,Studio With Balcony Minutes From Place De La Republique,Studio with Balcony Minutes from Place De La Republique. Book with full confidence in our experienced team and professional management service in Paris.
1204,Studio Overlooking Rue De Belleyme Marais,Studio Overlooking Rue De Belleyme Marais. Book with full confidence in our experienced team and professional management service in Paris.
1205,Marais Studio Near The Georges Pompidou Museum,Marais Studio near The Georges Pompidou Museum. Book with full confidence in our experienced team and professional management service in Paris.
1206,Studio Overlooking A Small Street Near Place De La Bastille,Studio Overlooking A Small Street near Place De La Bastille. Book with full confidence in our experienced team and professional management service in Paris.
1207,Studio Apartment In The Heart Of The Invalides District,Studio Apartment in the Heart of the Invalides District. Book with full confidence in our experienced team and professional management service in Paris.
1208,Studio Apartment In Paris For Rent,Studio Apartment in Paris for Rent. Book with full confidence in our experienced team and professional management service in Paris.
1209,Studio Apartment In The Heart Of Ile Saint Louis,Studio Apartment in the Heart of Ile Saint Louis. Book with full confidence in our experienced team and professional management service in Paris.
1210,Studio Apartment The Heart Of The Historic Marais,Studio Apartment the Heart of the Historic Marais. Book with full confidence in our experienced team and professional management service in Paris.
1211,Studio Apartment In The Antic District Of Saint Paul,Studio Apartment in the Antic District of Saint Paul. Book with full confidence in our experienced team and professional management service in Paris.
1212,Chic Studio Apartment In The Heart Of The Trendy Marais,Chic Studio Apartment in the Heart of the Trendy Marais. Book with full confidence in our experienced team and professional management service in Paris.
1213,Comfortable Studio Apartment In Marais,Comfortable Studio Apartment in Marais. Book with full confidence in our experienced team and professional management service in Paris.
1214,Studio Apartment With Terrace Near Place De La Nation,Studio Apartment with Terrace near Place De La Nation. Book with full confidence in our experienced team and professional management service in Paris.
1215,Furnished Studio Apartment In The Heart Of Bastille,Furnished Studio Apartment in the Heart of Bastille. Book with full confidence in our experienced team and professional management service in Paris.
1216,Exceptional Views Of The Saint Merri Cloister Studio Apartment,Exceptional Views of the Saint Merri Cloister Studio Apartment. Book with full confidence in our experienced team and professional management service in Paris.
1217,Marais Studio With A Nice View Of Paris,Marais Studio with a Nice View of Paris. Book with full confidence in our experienced team and professional management service in Paris.
1219,Studio Apartment In Central Marais For Rent,Studio Apartment in Central Marais for Rent. Book with full confidence in our experienced team and professional management service in Paris.
1220,Studio Apartment Overlooking Rue Quincampoix In Paris,Studio Apartment Overlooking Rue Quincampoix in Paris. Book with full confidence in our experienced team and professional management service in Paris.
1222,Studio Apartment In The Heart Of Le Marais For Monthly Stay,Studio Apartment in the Heart of Le Marais for Monthly Stay. Book with full confidence in our experienced team and professional management service in Paris.
1223,Duplex Studio Apartment In Marais,Duplex Studio Apartment in Marais. Book with full confidence in our experienced team and professional management service in Paris.
1224,Studio Apartment In The Haut Marais District Of Brittany,Studio Apartment in the Haut Marais District of Brittany. Book with full confidence in our experienced team and professional management service in Paris.
738,Direct Views Of Tuileries Garden 4 Bedroom Apartment,Direct Views Of Tuileries Garden 4 Bedroom Apartment. Book with full confidence in our experienced team and professional management service in Paris.
758,Overlooking The Palais Royal Gardens 3 Bedroom With Aircon,Overlooking the Palais Royal Gardens 3 Bedroom with Aircon. Book with full confidence in our experienced team and professional management service in Paris.
303,A Paradise In Saint Germain 3 Bedroom With Aircon,A Paradise in Saint Germain 3 Bedroom with Aircon. Book with full confidence in our experienced team and professional management service in Paris.
291,Direct Views Of Palais Royal Garden 3 Bedroom With Aircon,Direct Views Of Palais Royal Garden 3 Bedroom With Aircon. Book with full confidence in our experienced team and professional management service in Paris.
304,Luxembourg Garden 3 Bedroom Apartment In Paris,Luxembourg Garden 3 Bedroom Apartment in Paris. Book with full confidence in our experienced team and professional management service in Paris.
305,Stay Next To Luxembourg Gardens 2 Bedroom With Aircon,Stay Next To Luxembourg Gardens 2 Bedroom With Aircon. Book with full confidence in our experienced team and professional management service in Paris.
293,Saint Germain 3 Bedroom Apartment With Aircon,Saint Germain 3 Bedroom Apartment with Aircon. Book with full confidence in our experienced team and professional management service in Paris.
1225,An Upscale Luxurious Saint Germain 2 Bedroom With Aircon,An Upscale Luxurious Saint Germain 2 Bedroom with Aircon. Book with full confidence in our experienced team and professional management service in Paris.
295,Direct Views Of Palais Royal Garden 2 Bedroom With Aircon,Direct Views of Palais Royal Garden 2 Bedroom With Aircon. Book with full confidence in our experienced team and professional management service in Paris.
296,A True Gem In The Heart Of Invalides 2 Bedroom With Aircon,A True Gem in the Heart of Invalides 2 Bedroom with Aircon. Book with full confidence in our experienced team and professional management service in Paris.
297,Saint Germain Des Pres 2 Bedroom With Air Conditioning,Saint Germain Des Pres 2 Bedroom with Air Conditioning. Book with full confidence in our experienced team and professional management service in Paris.
298,Overlooking Palais Royal Garden 2 Bedroom With Aircon,Overlooking Palais Royal Garden 2 Bedroom with Aircon. Book with full confidence in our experienced team and professional management service in Paris.
299,Louvre Palais Royal Garden 2 Bedroom Apartment In Paris,Louvre Palais Royal Garden 2 Bedroom Apartment in Paris. Book with full confidence in our experienced team and professional management service in Paris.
300,Opposite Famous Saint Sulpice Saint Germain 2 Bedroom With Aircon,Opposite Famous Saint Sulpice Saint Germain 2 Bedroom with Aircon. Book with full confidence in our experienced team and professional management service in Paris.
757,A Memorable Stay In Louvre 2 Bedroom Apartment With Aircon,A Memorable Stay in Louvre 2 Bedroom Apartment with Aircon. Book with full confidence in our experienced team and professional management service in Paris.
302,Champs Elysees Avenue 2 Bedroom With Terrace,Champs Elysees Avenue 2 Bedroom with Terrace. Book with full confidence in our experienced team and professional management service in Paris.
301,Ile Saint Louis 2 Bedroom Apartment With Aircon,Ile Saint Louis 2 Bedroom Apartment with Aircon. Book with full confidence in our experienced team and professional management service in Paris.
765,Close To The Famous Beaux Arts School 1 Bedroom With Aircon,Close to the Famous Beaux Arts School 1 Bedroom with Aircon. Book with full confidence in our experienced team and professional management service in Paris.
904,2 Bedroom Apartment With Aircon In Heart Of Marais,2 Bedroom Apartment with Aircon in Heart of Marais. Book with full confidence in our experienced team and professional management service in Paris.
928,Saint Germain Des Pres 1 Bedroom Apartment,Saint Germain Des Pres 1 Bedroom Apartment. Book with full confidence in our experienced team and professional management service in Paris.
929,Studio Apartment In Saint Germain Paris,Studio Apartment in Saint Germain Paris. Book with full confidence in our experienced team and professional management service in Saint Germain Paris.
930,Studio Apartment Near Luxembourg Gardens Paris,Studio Apartment Near Luxembourg Gardens Paris. Book with full confidence in our experienced team and professional management service in Luxembourg Gardens Paris .
566,3 Bedroom With Aircon In The Left Bank Next To The Bon Marche,3 Bedroom with Aircon in the Left Bank Next To the Bon Marche. Book with full confidence in our experienced team and professional management service in Bon Marche.
635,Duplex 5 Bedroom Apartment In Montmartre With Balcony,Duplex 5 Bedroom Apartment in Montmartre with Balcony. Book with full confidence in our experienced team and professional management service in Montmartre.
1095,Overlooking The Canal Saint Martin 1 Bedroom With Terrace,Overlooking the Canal Saint Martin 1 Bedroom with Terrace. Book with full confidence in our experienced team and professional management service in Saint Martin.
1231,1 Bedroom Apartment In The Heart Of Montmartre,1 Bedroom Apartment in the Heart of Montmartre. Book with full confidence in our experienced team and professional management service in Montmartre.
1232,Montmartre 1 Bedroom Apartment With Balcony,Montmartre 1 Bedroom Apartment With Balcony. Book with full confidence in our experienced team and professional management service in Montmartre.
1233,Cosy 1Bedroom Apartment In The Heart Of Montmartre,Cosy 1 Bedroom Apartment in The Heart Of Montmartre. Book with full confidence in our experienced team and professional management service in Montmartre.
1234,1 Bedroom Apartment In The Heart Of Batignolles,1 Bedroom Apartment in the Heart of Batignolles. Book with full confidence in our experienced team and professional management service in Batignolles.
1235,Monceau Batignolles 1 Bedroom Apartment,Monceau Batignolles 1 Bedroom Apartment. Book with full confidence in our experienced team and professional management service in Monceau Batignolles.
1239,Mont Cenis 1 Bedroom Apartment In Paris,Mont Cenis 1 Bedroom Apartment in Paris. Book with full confidence in our experienced team and professional management service in Paris.
1240,Parisian Charm 1 Bedroom Apartment In The Heart Of Batignolles,Parisian Charm 1 Bedroom Apartment In The Heart Of Batignolles. Book with full confidence in our experienced team and professional management service in Batignolles.
1241,Parisian Living 1 Bedroom Apartment In Batignolles,Parisian Living 1 Bedroom Apartment in Batignolles. Book with full confidence in our experienced team and professional management service in Batignolles.
1242,Montmartre 1 Bedroom Apartment For Monthly Stay,Montmartre 1 Bedroom Apartment For Monthly Stay. Book with full confidence in our experienced team and professional management service in Montmartre.
1243,Montmartre 1 Bedroom Apartment For Long Stay,Montmartre 1 Bedroom Apartment For Long Stay. Book with full confidence in our experienced team and professional management service in Montmartre.
1244,Saint Michel Paris 1 Bedroom Apartment,Saint Michel Paris 1 Bedroom Apartment. Book with full confidence in our experienced team and professional management service in Saint Michel Paris.
1245,1 Bedroom Apartment In The Heart Of Invalides,1 Bedroom Apartment in the Heart of Invalides. Book with full confidence in our experienced team and professional management service in Invalides.
1247,Louvre 1Br Apartment For Rent In Paris,Louvre 1Br Apartment For Rent In Paris. Book with full confidence in our experienced team and professional management service in Paris.
1248,In The Heart Of Montmartre 1Br Apartment,In The Heart of Montmartre 1Br Apartment. Book with full confidence in our experienced team and professional management service in Montmartre.
1249,Les Halles 1 Bedroom Apartment In Paris,Les Halles 1 Bedroom Apartment in Paris. Book with full confidence in our experienced team and professional management service in Les Halles.
1250,La Fayette 2 Bedroom Apartment In Paris,La Fayette 2 Bedroom Apartment in Paris. Book with full confidence in our experienced team and professional management service in La Fayette.
1251,2 Bedroom Apartment In The Heart Of Batignolles,2 Bedroom Apartment In The Heart Of Batignolles. Book with full confidence in our experienced team and professional management service in Batignolles.
1253,2 Bedroom Apartment In The Heart Of Opera,Contemporary 2 Bedroom Apartment Montmartre For Long Stay. Book with full confidence in our experienced team and professional management service in Paris Opera.
1254,Contemporary 2 Bedroom Apartment Montmartre For Long Stay,Contemporary 2 Bedroom Apartment Montmartre For Long Stay. Book with full confidence in our experienced team and professional management service in Montmartre.
1255,Champs Elysees 2 Bedroom Apartment For Monthly Stay,Champs Elysees 2 Bedroom Apartment for Monthly Stay. Book with full confidence in our experienced team and professional management service in Champs Elysees.
1257,Batignolles Mariotte 2 Bedroom Apartment In Paris,Batignolles Mariotte 2 Bedroom Apartment in Paris. Book with full confidence in our experienced team and professional management service in Paris.
1258,Gobelins River Seine Left Bank 3 Bedroom With Balcony,Gobelins River Seine Left Bank 3 Bedroom With Balcony. Book with full confidence in our experienced team and professional management service in Gobelins.
554,Luxembourg 2 Bedroom Apartment With Air Conditioning,Luxembourg 2 Bedroom Apartment with Air Conditioning. Book with full confidence in our experienced team and professional management service in Luxembourg.
555,2 Bedroom Apartment In Montparnasse Of Paris,2 Bedroom Apartment in Montparnasse Of Paris. Book with full confidence in our experienced team and professional management service in Paris.
565,2 Bedroom Apartment In Champs Elysees With Aircon,2 Bedroom Apartment in Champs Elysees with Aircon. Book with full confidence in our experienced team and professional management service Champs Elysees.
741,2 Bedroom Near Eiffel Tower With Air Conditioning,2 Bedroom near Eiffel Tower with Air Conditioning. Book with full confidence in our experienced team and professional management service in Paris.
743,The Very Heart Of Paris On Ile Saint Louise 2 Bedroom With Aircon,The Very Heart of Paris on Ile Saint Louise 2 Bedroom with Aircon. Book with full confidence in our experienced team and professional management service in Paris.
759,Eiffel Tower Parisian 1 Bedroom Apartment With Aircon,Eiffel Tower Parisian 1 Bedroom Apartment with Aircon. Book with full confidence in our experienced team and professional management service in Paris
832,Studio In Saint Germain With Rooftop Views,Studio in Saint Germain with Rooftop Views. Book with full confidence in our experienced team and professional management service in Saint Germain
845,Glamours 2 Bedroom Apartment In The Heart Of Marais,Glamours 2 Bedroom Apartment In The Heart Of Marais. Book with full confidence in our experienced team and professional management service in Marais .
886,Spacious Studio Apartment In The Heart Of Latin Quarter,Spacious Studio Apartment In The Heart Of Latin Quarter. Book with full confidence in our experienced team and professional management service in Paris
1066,Amazing 2 Bedroom Apartment Close To The Eiffel Tower,"Amazing 2 Bedroom Apartments Close to the Eiffel Tower. Book with full confidence in our experienced team and professional management service in paris, Paris."
1265,Saint Germain Studio With Air Conditioning,"Saint Germain Studio With Air Conditioning. Book with full confidence in our experienced team and professional management service in Saint Germain, Paris."
1266,A Gem 1 Bedroom Apartment With Balcony In Saint Germain,A Gem 1 Bedroom Apartment with Balcony in Saint Germain. Book with full confidence in our experienced team and professional management service in Saint Germain.
1269,One Bedroom Loft With Aircon In Marais,One Bedroom Loft With Aircon in Marais. Book with full confidence in our experienced team and professional management service in Marais.
